customer_id,recency_days,frequency,monetary,r_score,f_score,m_score,segment
AA-103151,9,5,1445,4,2,2,Recent
AA-103152,14,7,6105,4,3,4,High-value
AA-103153,695,2,633,1,1,1,At-risk
AA-103154,185,5,5565,2,2,4,Loyal
AA-103751,7,4,2407,4,2,3,Recent
AA-103752,318,3,560,1,1,1,At-risk
AA-103753,35,7,1861,4,3,2,Loyal
AA-103754,20,9,1056,4,4,2,High-value
AA-104801,126,5,5946,2,2,4,Loyal
AA-104802,230,7,5253,2,3,4,Loyal
AA-104803,237,4,4704,2,2,4,Loyal
AA-104804,260,4,1792,2,2,2,At-risk
AA-106451,29,12,5264,4,4,4,High-value
AA-106452,234,9,2730,2,4,3,Loyal
AA-106453,56,9,2263,3,4,3,High-value
AA-106454,56,6,5087,3,3,4,High-value
AA-3151,154,1,11,2,1,1,At-risk
AA-3152,3,6,2234,4,3,3,High-value
AA-3751,300,4,365,1,2,1,At-risk
AA-3752,826,1,27,1,1,1,At-risk
AA-3753,254,3,261,2,1,1,At-risk
AA-4801,876,2,496,1,1,1,At-risk
AA-4802,938,1,1085,1,1,2,At-risk
AA-4803,315,2,482,1,1,1,At-risk
AA-6451,61,8,1503,3,4,2,Loyal
AA-6452,52,3,465,3,1,1,Recent
AB-100151,114,9,10662,2,4,4,High-value
AB-100152,253,12,6116,2,4,4,High-value
AB-100153,17,8,2375,4,4,3,High-value
AB-100154,416,3,887,1,1,2,At-risk
AB-100601,82,9,2107,3,4,3,High-value
AB-100602,227,5,3345,2,2,3,Loyal
AB-100603,43,10,5210,3,4,4,High-value
AB-100604,55,8,7757,3,4,4,High-value
AB-101051,217,7,4309,2,3,4,Loyal
AB-101052,28,6,2949,4,3,3,High-value
AB-101053,33,10,1234,4,4,2,High-value
AB-101054,42,10,14476,3,4,4,High-value
AB-101501,111,4,429,2,2,1,At-risk
AB-101502,104,6,9139,3,3,4,High-value
AB-101503,36,9,2523,4,4,3,High-value
AB-101504,42,5,969,3,2,2,Recent
AB-101651,390,5,3435,1,2,3,At-risk
AB-101652,14,11,6437,4,4,4,High-value
AB-101653,61,5,668,3,2,1,Recent
AB-101654,26,8,1114,4,4,2,High-value
AB-102551,191,7,4277,2,3,4,Loyal
AB-102552,257,6,949,2,3,2,Loyal
AB-102553,6,9,4644,4,4,4,High-value
AB-102554,167,9,914,2,4,2,Loyal
AB-1051,403,2,97,1,1,1,At-risk
AB-1052,231,1,64,2,1,1,At-risk
AB-1053,44,4,1996,3,2,3,Recent
AB-106001,241,9,7148,2,4,4,High-value
AB-106002,338,6,4276,1,3,4,Loyal
AB-106003,85,3,377,3,1,1,Recent
AB-106004,51,4,1515,3,2,2,Recent
AB-1501,399,4,3145,1,2,3,At-risk
AB-151,413,2,2125,1,1,3,At-risk
AB-152,504,3,2481,1,1,3,At-risk
AB-1651,31,1,160,4,1,1,Recent
AB-1652,710,1,411,1,1,1,At-risk
AB-1653,17,4,828,4,2,2,Recent
AB-2551,175,5,4083,2,2,4,Loyal
AB-2552,44,1,283,3,1,1,Recent
AB-2553,121,2,313,2,1,1,At-risk
AB-6001,8,3,1384,4,1,2,Recent
AB-6002,876,2,4027,1,1,4,At-risk
AB-601,36,3,1483,4,1,2,Recent
AB-602,134,6,287,2,3,1,At-risk
AC-104201,220,5,4086,2,2,4,Loyal
AC-104202,463,7,1033,1,3,2,At-risk
AC-104203,7,9,4561,4,4,4,High-value
AC-104204,233,3,926,2,1,2,At-risk
AC-104501,9,5,7610,4,2,4,High-value
AC-104502,6,4,2295,4,2,3,Recent
AC-104503,197,3,694,2,1,1,At-risk
AC-104504,12,7,5529,4,3,4,High-value
AC-106151,13,11,5753,4,4,4,High-value
AC-106152,41,5,2738,4,2,3,Recent
AC-106153,37,8,1699,4,4,2,High-value
AC-106154,7,5,2538,4,2,3,Recent
AC-106601,64,4,1175,3,2,2,Recent
AC-106602,152,6,2234,2,3,3,Loyal
AC-106603,3,6,2189,4,3,3,High-value
AC-106604,283,5,658,1,2,1,At-risk
AC-4201,14,6,841,4,3,2,Loyal
AC-4202,387,3,849,1,1,2,At-risk
AC-4501,337,3,670,1,1,1,At-risk
AC-4502,920,2,147,1,1,1,At-risk
AC-4503,182,2,210,2,1,1,At-risk
AC-6151,510,3,1706,1,1,2,At-risk
AC-6152,93,4,593,3,2,1,Recent
AC-6601,120,3,2666,2,1,3,At-risk
AC-6602,413,1,10,1,1,1,At-risk
AD-101801,93,8,9209,3,4,4,High-value
AD-101802,377,5,1001,1,2,2,At-risk
AD-101803,332,6,1541,1,3,2,At-risk
AD-101804,30,8,6106,4,4,4,High-value
AD-1801,197,1,12,2,1,1,At-risk
AD-1802,6,2,669,4,1,1,Recent
AF-108701,7,14,10793,4,4,4,High-value
AF-108702,106,6,7808,3,3,4,High-value
AF-108703,427,9,5832,1,4,4,Loyal
AF-108704,42,7,2052,3,3,3,Loyal
AF-108851,77,10,8347,3,4,4,High-value
AF-108852,163,13,5880,2,4,4,High-value
AF-108853,54,8,4621,3,4,4,High-value
AF-108854,416,4,862,1,2,2,At-risk
AF-8701,13,4,672,4,2,1,Recent
AF-8702,766,1,125,1,1,1,At-risk
AF-8703,6,4,901,4,2,2,Recent
AF-8851,204,1,139,2,1,1,At-risk
AF-8852,168,1,215,2,1,1,At-risk
AG-102701,66,7,4771,3,3,4,High-value
AG-102702,197,4,1663,2,2,2,At-risk
AG-102703,41,9,1622,4,4,2,High-value
AG-102704,279,5,2584,1,2,3,At-risk
AG-103001,28,5,3212,4,2,3,Recent
AG-103002,73,7,6071,3,3,4,High-value
AG-103003,3,8,3364,4,4,3,High-value
AG-103004,119,4,367,2,2,1,At-risk
AG-103301,173,5,4208,2,2,4,Loyal
AG-103302,150,9,3590,2,4,3,Loyal
AG-103303,183,10,6078,2,4,4,High-value
AG-103304,9,5,662,4,2,1,Recent
AG-103901,241,2,2228,2,1,3,At-risk
AG-103902,414,4,2646,1,2,3,At-risk
AG-103903,190,8,3380,2,4,3,Loyal
AG-103904,115,5,201,2,2,1,At-risk
AG-104951,168,6,3451,2,3,3,Loyal
AG-104952,129,11,7461,2,4,4,High-value
AG-104953,201,4,2110,2,2,3,Loyal
AG-104954,79,8,2356,3,4,3,High-value
AG-105251,135,3,324,2,1,1,At-risk
AG-105252,38,8,4071,4,4,4,High-value
AG-105253,13,5,2620,4,2,3,Recent
AG-105254,846,4,1455,1,2,2,At-risk
AG-106751,770,3,3644,1,1,3,At-risk
AG-106752,48,7,2284,3,3,3,Loyal
AG-106753,401,4,3606,1,2,3,At-risk
AG-106754,98,7,3489,3,3,3,Loyal
AG-107651,377,4,1586,1,2,2,At-risk
AG-107652,93,6,2159,3,3,3,Loyal
AG-107653,29,13,5913,4,4,4,High-value
AG-107654,78,4,170,3,2,1,Recent
AG-109001,118,8,5035,2,4,4,High-value
AG-109002,373,8,3108,1,4,3,Loyal
AG-109003,58,3,5519,3,1,4,Recent
AG-109004,97,10,4511,3,4,4,High-value
AG-2701,164,5,1997,2,2,3,Loyal
AG-2702,520,1,296,1,1,1,At-risk
AG-2703,14,2,486,4,1,1,Recent
AG-3001,146,2,866,2,1,2,At-risk
AG-3002,99,4,835,3,2,2,Recent
AG-3301,3,6,513,4,3,1,Loyal
AG-3302,15,1,20,4,1,1,Recent
AG-3901,1121,2,414,1,1,1,At-risk
AG-3902,113,2,59,2,1,1,At-risk
AG-4951,206,3,469,2,1,1,At-risk
AG-4952,49,2,52,3,1,1,Recent
AG-4953,70,6,482,3,3,1,Loyal
AG-5251,16,6,802,4,3,2,Loyal
AG-5252,729,1,2067,1,1,3,At-risk
AG-6751,174,6,774,2,3,2,Loyal
AG-6752,271,4,1595,1,2,2,At-risk
AG-7651,580,4,769,1,2,2,At-risk
AG-7652,115,4,1090,2,2,2,At-risk
AG-9001,24,4,1698,4,2,2,Recent
AH-100301,411,6,4154,1,3,4,Loyal
AH-100302,29,8,3973,4,4,4,High-value
AH-100303,159,6,4568,2,3,4,Loyal
AH-100304,13,7,1744,4,3,2,Loyal
AH-100751,3,9,7291,4,4,4,High-value
AH-100752,31,9,4526,4,4,4,High-value
AH-100753,231,6,3044,2,3,3,Loyal
AH-100754,35,10,3251,4,4,3,High-value
AH-101201,472,3,558,1,1,1,At-risk
AH-101202,114,6,3590,2,3,3,Loyal
AH-101203,307,6,4044,1,3,4,Loyal
AH-101204,61,7,1736,3,3,2,Loyal
AH-101951,50,6,3839,3,3,4,High-value
AH-101952,93,9,1833,3,4,2,Loyal
AH-101953,52,6,5370,3,3,4,High-value
AH-101954,56,4,1588,3,2,2,Recent
AH-102101,471,2,1111,1,1,2,At-risk
AH-102102,103,11,7417,3,4,4,High-value
AH-102103,8,12,7031,4,4,4,High-value
AH-102104,7,9,4805,4,4,4,High-value
AH-104651,87,6,2183,3,3,3,Loyal
AH-104652,481,2,251,1,1,1,At-risk
AH-104653,71,7,3621,3,3,3,Loyal
AH-104654,231,5,2495,2,2,3,Loyal
AH-105851,188,9,6205,2,4,4,High-value
AH-105852,184,5,1615,2,2,2,At-risk
AH-105853,399,4,567,1,2,1,At-risk
AH-105854,22,4,738,4,2,2,Recent
AH-106901,146,6,4163,2,3,4,Loyal
AH-106902,31,9,3514,4,4,3,High-value
AH-106903,380,4,710,1,2,1,At-risk
AH-106904,411,12,7889,1,4,4,Loyal
AH-1201,600,3,1476,1,1,2,At-risk
AH-1202,22,1,2,4,1,1,Recent
AH-1951,1052,2,80,1,1,1,At-risk
AH-1952,1241,1,88,1,1,1,At-risk
AH-1953,279,6,2483,1,3,3,Loyal
AH-2101,881,2,3090,1,1,3,At-risk
AH-2102,458,2,187,1,1,1,At-risk
AH-301,469,4,5072,1,2,4,Loyal
AH-302,577,3,1248,1,1,2,At-risk
AH-4651,242,2,540,2,1,1,At-risk
AH-4652,799,2,112,1,1,1,At-risk
AH-5851,219,2,889,2,1,2,At-risk
AH-5852,76,7,1343,3,3,2,Loyal
AH-6901,59,3,948,3,1,2,Recent
AH-6902,601,2,869,1,1,2,At-risk
AH-751,38,6,3426,4,3,3,High-value
AH-752,269,1,137,1,1,1,At-risk
AH-753,567,1,45,1,1,1,At-risk
AI-108551,309,4,1859,1,2,2,At-risk
AI-108552,86,7,2105,3,3,3,Loyal
AI-108553,209,1,20,2,1,1,At-risk
AI-108554,14,10,4376,4,4,4,High-value
AI-8551,561,1,30,1,1,1,At-risk
AI-8552,204,3,891,2,1,2,At-risk
AJ-107801,125,5,5821,2,2,4,Loyal
AJ-107802,49,7,3898,3,3,4,High-value
AJ-107803,62,6,601,3,3,1,Loyal
AJ-107804,76,7,4868,3,3,4,High-value
AJ-107951,63,6,1209,3,3,2,Loyal
AJ-107952,154,6,2249,2,3,3,Loyal
AJ-107953,190,3,930,2,1,2,At-risk
AJ-107954,167,7,4501,2,3,4,Loyal
AJ-109451,92,9,2329,3,4,3,High-value
AJ-109452,416,7,3402,1,3,3,Loyal
AJ-109453,29,6,3517,4,3,3,High-value
AJ-109454,86,7,1839,3,3,2,Loyal
AJ-109601,49,4,1709,3,2,2,Recent
AJ-109602,208,6,4502,2,3,4,Loyal
AJ-109603,52,4,1792,3,2,2,Recent
AJ-109604,75,3,629,3,1,1,Recent
AJ-7801,212,7,1608,2,3,2,Loyal
AJ-7802,574,1,19,1,1,1,At-risk
AJ-7803,2,4,942,4,2,2,Recent
AJ-7951,37,5,1276,4,2,2,Recent
AJ-7952,122,5,2119,2,2,3,Loyal
AJ-9451,105,5,3817,3,2,4,Recent
AJ-9452,341,2,1045,1,1,2,At-risk
AJ-9601,412,6,4071,1,3,4,Loyal
AJ-9602,295,4,556,1,2,1,At-risk
AM-103601,16,8,3217,4,4,3,High-value
AM-103602,22,11,8940,4,4,4,High-value
AM-103603,97,9,3759,3,4,3,High-value
AM-103604,29,5,813,4,2,2,Recent
AM-107051,323,10,11719,1,4,4,Loyal
AM-107052,26,7,6094,4,3,4,High-value
AM-107053,139,5,742,2,2,2,At-risk
AM-107054,163,8,5665,2,4,4,High-value
AM-3601,191,4,435,2,2,1,At-risk
AM-3602,176,2,1601,2,1,2,At-risk
AM-7051,137,4,867,2,2,2,At-risk
AM-7052,378,1,24,1,1,1,At-risk
AM-7053,892,1,411,1,1,1,At-risk
AO-108101,37,12,7085,4,4,4,High-value
AO-108102,189,10,5657,2,4,4,High-value
AO-108103,122,4,1636,2,2,2,At-risk
AO-108104,502,1,161,1,1,1,At-risk
AO-8101,8,1,24,4,1,1,Recent
AO-8102,342,1,386,1,1,1,At-risk
AO-8103,126,3,76,2,1,1,At-risk
AP-107201,45,7,9040,3,3,4,High-value
AP-107202,47,2,1763,3,1,2,Recent
AP-107203,180,3,2919,2,1,3,At-risk
AP-107204,42,8,1639,3,4,2,Loyal
AP-109151,77,9,9049,3,4,4,High-value
AP-109152,132,6,1435,2,3,2,Loyal
AP-109153,318,7,2070,1,3,3,Loyal
AP-109154,99,10,3324,3,4,3,High-value
AP-7201,38,4,423,4,2,1,Recent
AP-7202,128,2,576,2,1,1,At-risk
AP-9151,464,3,2151,1,1,3,At-risk
AP-9152,93,2,517,3,1,1,Recent
AR-103451,103,9,4462,3,4,4,High-value
AR-103452,30,9,7043,4,4,4,High-value
AR-103453,316,4,1607,1,2,2,At-risk
AR-103454,112,4,1056,2,2,2,At-risk
AR-104051,55,6,2010,3,3,3,Loyal
AR-104052,112,7,3532,2,3,3,Loyal
AR-104053,145,4,1182,2,2,2,At-risk
AR-104054,126,5,2235,2,2,3,Loyal
AR-105101,238,11,6269,2,4,4,High-value
AR-105102,63,7,6533,3,3,4,High-value
AR-105103,77,6,1210,3,3,2,Loyal
AR-105104,15,5,264,4,2,1,Recent
AR-105401,649,4,1154,1,2,2,At-risk
AR-105402,122,2,64,2,1,1,At-risk
AR-105403,416,3,157,1,1,1,At-risk
AR-105404,7,6,6609,4,3,4,High-value
AR-105701,3,7,4880,4,3,4,High-value
AR-105702,105,4,1898,3,2,3,Recent
AR-105703,3,6,2581,4,3,3,High-value
AR-105704,535,1,88,1,1,1,At-risk
AR-108251,379,4,633,1,2,1,At-risk
AR-108252,80,15,7720,3,4,4,High-value
AR-108253,23,11,2435,4,4,3,High-value
AR-108254,59,8,4523,3,4,4,High-value
AR-3451,696,3,1243,1,1,2,At-risk
AR-3452,142,6,1058,2,3,2,Loyal
AR-4051,377,2,144,1,1,1,At-risk
AR-4052,223,4,426,2,2,1,At-risk
AR-5101,241,2,371,2,1,1,At-risk
AR-5102,105,8,2267,3,4,3,High-value
AR-5401,222,4,325,2,2,1,At-risk
AR-5402,398,4,236,1,2,1,At-risk
AR-5701,295,3,970,1,1,2,At-risk
AR-5702,71,6,1075,3,3,2,Loyal
AR-8251,34,3,1704,4,1,2,Recent
AR-8252,75,4,324,3,2,1,Recent
AS-100451,77,5,2056,3,2,3,Recent
AS-100452,24,13,6708,4,4,4,High-value
AS-100453,220,3,779,2,1,2,At-risk
AS-100454,89,7,3051,3,3,3,Loyal
AS-100901,54,5,1502,3,2,2,Recent
AS-100902,16,8,4140,4,4,4,High-value
AS-100903,192,10,6112,2,4,4,High-value
AS-100904,29,9,3255,4,4,3,High-value
AS-101351,117,11,4430,2,4,4,High-value
AS-101352,628,3,2474,1,1,3,At-risk
AS-101353,236,3,346,2,1,1,At-risk
AS-101354,42,2,58,3,1,1,Recent
AS-102251,72,10,9773,3,4,4,High-value
AS-102252,13,6,6300,4,3,4,High-value
AS-102253,106,7,1031,3,3,2,Loyal
AS-102254,23,5,4262,4,2,4,High-value
AS-102401,22,7,2374,4,3,3,High-value
AS-102402,44,9,3688,3,4,3,High-value
AS-102403,13,8,2358,4,4,3,High-value
AS-102404,193,7,586,2,3,1,At-risk
AS-102851,139,9,6388,2,4,4,High-value
AS-102852,20,7,4997,4,3,4,High-value
AS-102853,19,8,1584,4,4,2,High-value
AS-102854,20,6,3215,4,3,3,High-value
AS-106301,381,6,7447,1,3,4,Loyal
AS-106302,36,5,1455,4,2,2,Recent
AS-106303,629,1,80,1,1,1,At-risk
AS-106304,93,7,835,3,3,2,Loyal
AS-1351,967,1,187,1,1,1,At-risk
AS-1352,93,4,3792,3,2,4,Recent
AS-2251,3,3,254,4,1,1,Recent
AS-2252,385,1,28,1,1,1,At-risk
AS-2253,671,3,189,1,1,1,At-risk
AS-2401,1198,1,5,1,1,1,At-risk
AS-2402,499,4,1681,1,2,2,At-risk
AS-2851,223,7,2059,2,3,3,Loyal
AS-2852,100,6,2881,3,3,3,Loyal
AS-451,777,2,1234,1,1,2,At-risk
AS-452,234,1,379,2,1,1,At-risk
AS-6301,561,8,1908,1,4,3,Loyal
AS-6302,34,3,93,4,1,1,Recent
AS-901,22,4,436,4,2,1,Recent
AT-104351,127,6,2779,2,3,3,Loyal
AT-104352,13,4,6342,4,2,4,High-value
AT-104353,17,8,3364,4,4,3,High-value
AT-104354,22,6,1172,4,3,2,Loyal
AT-107351,78,4,2586,3,2,3,Recent
AT-107352,3,8,4359,4,4,4,High-value
AT-107353,37,7,2206,4,3,3,High-value
AT-107354,14,10,3831,4,4,4,High-value
AT-4351,213,4,540,2,2,1,At-risk
AT-4352,29,8,748,4,4,2,High-value
AT-7351,1057,1,10,1,1,1,At-risk
AT-7352,70,4,393,3,2,1,Recent
AW-108401,119,7,4229,2,3,4,Loyal
AW-108402,17,5,4839,4,2,4,High-value
AW-108403,428,9,3480,1,4,3,Loyal
AW-108404,21,4,649,4,2,1,Recent
AW-109301,59,5,1601,3,2,2,Recent
AW-109302,36,5,4066,4,2,4,High-value
AW-109303,56,5,1713,3,2,2,Recent
AW-109304,47,7,2853,3,3,3,Loyal
AW-8401,57,7,1946,3,3,3,Loyal
AW-9301,171,4,413,2,2,1,At-risk
AW-9302,38,2,370,4,1,1,Recent
AY-105551,211,5,802,2,2,2,At-risk
AY-105552,150,3,3023,2,1,3,At-risk
AY-105553,640,4,1125,1,2,2,At-risk
AY-105554,15,4,496,4,2,1,Recent
AY-5551,249,5,660,2,2,1,At-risk
AY-5552,36,6,2436,4,3,3,High-value
AZ-107501,71,4,742,3,2,2,Recent
AZ-107502,112,4,1287,2,2,2,At-risk
AZ-107503,227,4,5989,2,2,4,Loyal
AZ-107504,161,6,1624,2,3,2,Loyal
AZ-7501,27,5,1461,4,2,2,Recent
AZ-7502,816,1,96,1,1,1,At-risk
AZ-7503,149,4,672,2,2,1,At-risk
BB-109901,97,11,4719,3,4,4,High-value
BB-109902,15,5,1808,4,2,2,Recent
BB-109903,52,9,1790,3,4,2,Loyal
BB-109904,106,5,744,3,2,2,Recent
BB-115451,44,4,1286,3,2,2,Recent
BB-115452,34,7,6600,4,3,4,High-value
BB-115453,41,6,1146,4,3,2,Loyal
BB-115454,29,9,6767,4,4,4,High-value
BB-15451,157,3,131,2,1,1,At-risk
BB-15452,50,2,77,3,1,1,Recent
BB-9901,51,3,507,3,1,1,Recent
BB-9902,79,4,315,3,2,1,Recent
BC-111251,969,2,2829,1,1,3,At-risk
BC-111252,42,12,6941,3,4,4,High-value
BC-111253,34,5,2086,4,2,3,Recent
BC-111254,203,9,2934,2,4,3,Loyal
BC-11251,30,3,85,4,1,1,Recent
BC-11252,132,3,311,2,1,1,At-risk
BD-113201,112,5,2828,2,2,3,Loyal
BD-113202,206,8,3189,2,4,3,Loyal
BD-113203,6,7,1652,4,3,2,Loyal
BD-113204,34,12,5721,4,4,4,High-value
BD-115001,89,6,3761,3,3,3,Loyal
BD-115002,20,8,2534,4,4,3,High-value
BD-115003,126,7,2385,2,3,3,Loyal
BD-115004,36,6,4410,4,3,4,High-value
BD-115601,45,4,1066,3,2,2,Recent
BD-115602,76,7,5213,3,3,4,High-value
BD-115603,8,6,2756,4,3,3,High-value
BD-115604,279,2,321,1,1,1,At-risk
BD-116051,267,6,3719,2,3,3,Loyal
BD-116052,790,3,1268,1,1,2,At-risk
BD-116053,992,3,926,1,1,2,At-risk
BD-116054,98,7,3288,3,3,3,Loyal
BD-116201,138,9,3514,2,4,3,Loyal
BD-116202,56,7,2490,3,3,3,Loyal
BD-116203,50,3,306,3,1,1,Recent
BD-116204,70,6,1539,3,3,2,Loyal
BD-116351,241,7,4867,2,3,4,Loyal
BD-116352,13,10,4687,4,4,4,High-value
BD-116353,164,5,1093,2,2,2,At-risk
BD-116354,10,3,583,4,1,1,Recent
BD-117251,177,8,3901,2,4,4,High-value
BD-117252,190,6,1418,2,3,2,Loyal
BD-117253,5,10,4035,4,4,4,High-value
BD-117254,94,6,1527,3,3,2,Loyal
BD-117701,76,5,3106,3,2,3,Recent
BD-117702,198,7,3543,2,3,3,Loyal
BD-117703,36,8,2859,4,4,3,High-value
BD-117704,328,6,658,1,3,1,At-risk
BD-13201,290,1,57,1,1,1,At-risk
BD-13202,6,5,1829,4,2,2,Recent
BD-15001,399,3,52,1,1,1,At-risk
BD-15601,188,2,137,2,1,1,At-risk
BD-15602,91,3,1427,3,1,2,Recent
BD-16051,276,3,208,1,1,1,At-risk
BD-16052,353,2,481,1,1,1,At-risk
BD-16201,217,4,429,2,2,1,At-risk
BD-16202,118,7,2494,2,3,3,Loyal
BD-16351,465,4,592,1,2,1,At-risk
BD-16352,325,5,5095,1,2,4,Loyal
BD-17251,101,4,2849,3,2,3,Recent
BD-17252,149,9,2229,2,4,3,Loyal
BD-17701,454,3,1630,1,1,2,At-risk
BD-17702,239,2,1775,2,1,2,At-risk
BE-113351,36,9,10731,4,4,4,High-value
BE-113352,91,12,5882,3,4,4,High-value
BE-113353,80,11,6342,3,4,4,High-value
BE-113354,120,5,4205,2,2,4,Loyal
BE-114101,121,10,5536,2,4,4,High-value
BE-114102,85,7,7623,3,3,4,High-value
BE-114103,191,8,1131,2,4,2,Loyal
BE-114104,99,5,2262,3,2,3,Recent
BE-114551,28,9,11483,4,4,4,High-value
BE-114552,4,7,2971,4,3,3,High-value
BE-114553,185,5,1464,2,2,2,At-risk
BE-114554,255,6,1728,2,3,2,Loyal
BE-13351,868,2,705,1,1,1,At-risk
BE-13352,573,3,615,1,1,1,At-risk
BE-14101,22,3,1718,4,1,2,Recent
BE-14102,65,4,141,3,2,1,Recent
BE-14551,147,1,937,2,1,2,At-risk
BE-14552,547,1,403,1,1,1,At-risk
BF-10051,1347,1,699,1,1,1,At-risk
BF-10052,735,1,33,1,1,1,At-risk
BF-10201,160,5,2217,2,2,3,Loyal
BF-10202,97,2,789,3,1,2,Recent
BF-10801,674,3,1568,1,1,2,At-risk
BF-10802,916,1,2183,1,1,3,At-risk
BF-10803,210,2,58,2,1,1,At-risk
BF-109751,36,9,3856,4,4,4,High-value
BF-109752,120,2,2455,2,1,3,At-risk
BF-109753,531,4,1196,1,2,2,At-risk
BF-109754,92,7,600,3,3,1,Loyal
BF-110051,9,9,14563,4,4,4,High-value
BF-110052,55,7,3911,3,3,4,High-value
BF-110053,92,5,3540,3,2,3,Recent
BF-110054,40,4,1336,4,2,2,Recent
BF-110201,113,3,1704,2,1,2,At-risk
BF-110202,16,8,3939,4,4,4,High-value
BF-110203,189,5,1668,2,2,2,At-risk
BF-110204,75,8,2889,3,4,3,High-value
BF-110801,56,9,5973,3,4,4,High-value
BF-110802,335,4,2303,1,2,3,At-risk
BF-110803,159,5,1583,2,2,2,At-risk
BF-110804,26,3,274,4,1,1,Recent
BF-111701,58,4,7092,3,2,4,Recent
BF-111702,59,8,6134,3,4,4,High-value
BF-111703,20,8,3179,4,4,3,High-value
BF-111704,17,11,5909,4,4,4,High-value
BF-112151,134,10,4587,2,4,4,High-value
BF-112152,27,7,2734,4,3,3,High-value
BF-112153,483,6,4064,1,3,4,Loyal
BF-112154,66,4,1586,3,2,2,Recent
BF-112751,737,1,407,1,1,1,At-risk
BF-112752,7,10,4357,4,4,4,High-value
BF-112753,7,9,4024,4,4,4,High-value
BF-112754,58,3,791,3,1,2,Recent
BF-11701,551,2,268,1,1,1,At-risk
BF-11702,194,4,637,2,2,1,At-risk
BF-12151,118,5,399,2,2,1,At-risk
BF-12751,1119,1,24,1,1,1,At-risk
BF-12752,129,6,985,2,3,2,Loyal
BF-9751,287,5,1009,1,2,2,At-risk
BF-9752,23,3,722,4,1,1,Recent
BG-10351,601,1,124,1,1,1,At-risk
BG-110351,117,9,6713,2,4,4,High-value
BG-110352,30,6,7445,4,3,4,High-value
BG-110353,136,10,2942,2,4,3,Loyal
BG-110354,29,8,2799,4,4,3,High-value
BG-116951,69,6,3436,3,3,3,Loyal
BG-116952,384,1,662,1,1,1,At-risk
BG-116953,10,6,4753,4,3,4,High-value
BG-116954,37,6,1873,4,3,2,Loyal
BG-117401,85,6,4900,3,3,4,High-value
BG-117402,7,7,3270,4,3,3,High-value
BG-117403,119,5,5513,2,2,4,Loyal
BG-117404,58,6,1006,3,3,2,Loyal
BG-16951,45,4,413,3,2,1,Recent
BG-16952,481,1,76,1,1,1,At-risk
BG-17401,17,2,145,4,1,1,Recent
BG-17402,44,2,547,3,1,1,Recent
BH-117101,29,4,2412,4,2,3,Recent
BH-117102,52,6,7089,3,3,4,High-value
BH-117103,52,13,7779,3,4,4,High-value
BH-117104,24,8,6256,4,4,4,High-value
BH-17101,274,3,1333,1,1,2,At-risk
BH-17102,94,7,3251,3,3,3,Loyal
BK-112601,29,7,6899,4,3,4,High-value
BK-112602,27,8,3859,4,4,4,High-value
BK-112603,108,6,1877,3,3,2,Loyal
BK-112604,78,6,659,3,3,1,Loyal
BK-12601,125,1,214,2,1,1,At-risk
BK-12602,41,5,78,4,2,1,Recent
BM-111401,143,7,6930,2,3,4,Loyal
BM-111402,12,6,1344,4,3,2,Loyal
BM-111403,9,12,5250,4,4,4,High-value
BM-111404,308,4,11791,1,2,4,Loyal
BM-11401,371,2,86,1,1,1,At-risk
BM-11402,14,4,1772,4,2,2,Recent
BM-115751,45,9,6011,3,4,4,High-value
BM-115752,94,4,625,3,2,1,Recent
BM-115753,35,6,2908,4,3,3,High-value
BM-115754,101,6,809,3,3,2,Loyal
BM-116501,157,3,835,2,1,2,At-risk
BM-116502,155,7,3296,2,3,3,Loyal
BM-116503,199,3,3497,2,1,3,At-risk
BM-116504,34,11,7293,4,4,4,High-value
BM-117851,41,14,10399,4,4,4,High-value
BM-117852,3,7,4330,4,3,4,High-value
BM-117853,37,5,2377,4,2,3,Recent
BM-117854,219,10,1338,2,4,2,Loyal
BM-15751,41,5,1368,4,2,2,Recent
BM-15752,198,4,334,2,2,1,At-risk
BM-16501,1190,2,341,1,1,1,At-risk
BM-16502,1154,1,17,1,1,1,At-risk
BM-16503,482,5,2180,1,2,3,At-risk
BM-17851,85,7,2096,3,3,3,Loyal
BM-17852,49,2,149,3,1,1,Recent
BN-114701,181,10,13672,2,4,4,High-value
BN-114702,36,6,3729,4,3,3,High-value
BN-114703,12,9,5710,4,4,4,High-value
BN-114704,25,4,266,4,2,1,Recent
BN-115151,76,4,1364,3,2,2,Recent
BN-115152,21,5,2433,4,2,3,Recent
BN-115153,433,9,5014,1,4,4,Loyal
BN-115154,10,5,1460,4,2,2,Recent
BN-14701,23,3,1325,4,1,2,Recent
BN-14702,52,4,1498,3,2,2,Recent
BN-15151,100,4,773,3,2,2,Recent
BN-15152,28,4,1834,4,2,2,Recent
BO-113501,140,8,3754,2,4,3,Loyal
BO-113502,112,4,815,2,2,2,At-risk
BO-113503,1115,3,225,1,1,1,At-risk
BO-113504,138,5,2682,2,2,3,Loyal
BO-114251,6,7,1939,4,3,3,High-value
BO-114252,175,8,6314,2,4,4,High-value
BO-114253,98,4,3974,3,2,4,Recent
BO-114254,76,2,131,3,1,1,Recent
BO-13501,22,3,477,4,1,1,Recent
BO-13502,329,3,140,1,1,1,At-risk
BO-14251,2,4,1560,4,2,2,Recent
BO-14252,376,4,1111,1,2,2,At-risk
BP-10501,121,4,2953,2,2,3,Loyal
BP-10502,12,5,2031,4,2,3,Recent
BP-10951,218,3,414,2,1,1,At-risk
BP-10952,12,3,1346,4,1,2,Recent
BP-110501,364,3,671,1,1,1,At-risk
BP-110502,6,7,1581,4,3,2,Loyal
BP-110503,42,6,2170,3,3,3,Loyal
BP-110504,84,5,983,3,2,2,Recent
BP-110951,54,4,900,3,2,2,Recent
BP-110952,3,8,2425,4,4,3,High-value
BP-110953,331,8,2560,1,4,3,Loyal
BP-110954,18,12,2442,4,4,3,High-value
BP-111551,33,6,801,4,3,2,Loyal
BP-111552,50,7,7590,3,3,4,High-value
BP-111553,43,5,3610,3,2,3,Recent
BP-111554,90,6,1698,3,3,2,Loyal
BP-111851,37,5,4436,4,2,4,High-value
BP-111852,14,7,4348,4,3,4,High-value
BP-111853,447,7,2919,1,3,3,Loyal
BP-111854,2,9,3676,4,4,3,High-value
BP-112301,73,7,4264,3,3,4,High-value
BP-112302,150,5,5519,2,2,4,Loyal
BP-112303,114,6,1612,2,3,2,Loyal
BP-112304,40,5,1181,4,2,2,Recent
BP-112901,101,8,3172,3,4,3,High-value
BP-112902,14,5,3892,4,2,4,High-value
BP-112903,258,9,2908,2,4,3,Loyal
BP-112904,13,7,2472,4,3,3,High-value
BP-11551,420,1,87,1,1,1,At-risk
BP-11552,975,1,175,1,1,1,At-risk
BP-11553,262,4,850,2,2,2,At-risk
BP-11851,5,4,580,4,2,1,Recent
BP-11852,6,6,850,4,3,2,Loyal
BP-12301,390,4,5496,1,2,4,Loyal
BP-12302,84,4,642,3,2,1,Recent
BP-12901,370,1,65,1,1,1,At-risk
BP-12902,752,3,318,1,1,1,At-risk
BS-113651,1,4,1321,4,2,2,Recent
BS-113652,120,5,4186,2,2,4,Loyal
BS-113653,26,12,6543,4,4,4,High-value
BS-113654,559,5,10502,1,2,4,Loyal
BS-113801,115,6,8133,2,3,4,Loyal
BS-113802,94,4,1671,3,2,2,Recent
BS-113803,273,8,4614,1,4,4,Loyal
BS-113804,29,5,3888,4,2,4,High-value
BS-115901,83,7,2791,3,3,3,Loyal
BS-115902,372,6,4036,1,3,4,Loyal
BS-115903,428,4,2078,1,2,3,At-risk
BS-115904,36,6,2455,4,3,3,High-value
BS-116651,120,4,4658,2,2,4,Loyal
BS-116652,30,9,3734,4,4,3,High-value
BS-116653,37,8,5789,4,4,4,High-value
BS-116654,583,3,3288,1,1,3,At-risk
BS-117551,283,7,6031,1,3,4,Loyal
BS-117552,7,6,4698,4,3,4,High-value
BS-117553,19,9,4263,4,4,4,High-value
BS-117554,2,7,2564,4,3,3,High-value
BS-118001,220,5,4711,2,2,4,Loyal
BS-118002,135,6,3002,2,3,3,Loyal
BS-118003,10,8,2224,4,4,3,High-value
BS-118004,266,2,950,2,1,2,At-risk
BS-13651,604,3,807,1,1,2,At-risk
BS-13652,38,2,152,4,1,1,Recent
BS-13801,132,3,160,2,1,1,At-risk
BS-13802,428,2,310,1,1,1,At-risk
BS-15901,618,2,35,1,1,1,At-risk
BS-15902,238,3,784,2,1,2,At-risk
BS-16651,510,3,1016,1,1,2,At-risk
BS-16652,153,4,4088,2,2,4,Loyal
BS-17551,296,4,1675,1,2,2,At-risk
BS-17552,818,1,3,1,1,1,At-risk
BS-18001,12,5,4163,4,2,4,High-value
BS-18002,391,4,2203,1,2,3,At-risk
BT-113051,254,3,2394,2,1,3,At-risk
BT-113052,29,8,2919,4,4,3,High-value
BT-113053,94,8,2443,3,4,3,High-value
BT-113054,337,5,2568,1,2,3,At-risk
BT-113951,86,8,3596,3,4,3,High-value
BT-113952,29,8,5228,4,4,4,High-value
BT-113953,295,2,337,1,1,1,At-risk
BT-113954,303,6,2188,1,3,3,Loyal
BT-114401,52,5,3168,3,2,3,Recent
BT-114402,318,6,2016,1,3,3,Loyal
BT-114403,367,6,2476,1,3,3,Loyal
BT-114404,561,4,605,1,2,1,At-risk
BT-114851,79,8,2681,3,4,3,High-value
BT-114852,161,9,4105,2,4,4,High-value
BT-114853,31,10,1678,4,4,2,High-value
BT-114854,660,2,415,1,1,1,At-risk
BT-115301,58,6,6924,3,3,4,High-value
BT-115302,44,7,2488,3,3,3,Loyal
BT-115303,34,7,1711,4,3,2,Loyal
BT-115304,92,5,2684,3,2,3,Recent
BT-116801,19,10,8849,4,4,4,High-value
BT-116802,1035,2,1499,1,1,2,At-risk
BT-116803,117,3,543,2,1,1,At-risk
BT-116804,21,7,3197,4,3,3,High-value
BT-13051,32,6,916,4,3,2,Loyal
BT-13052,566,4,391,1,2,1,At-risk
BT-13951,34,3,205,4,1,1,Recent
BT-13952,191,1,244,2,1,1,At-risk
BT-14401,122,4,541,2,2,1,At-risk
BT-14402,94,6,1594,3,3,2,Loyal
BT-14851,458,3,174,1,1,1,At-risk
BT-14852,98,6,2630,3,3,3,Loyal
BT-15301,461,2,105,1,1,1,At-risk
BT-15302,353,1,832,1,1,2,At-risk
BT-15303,897,4,599,1,2,1,At-risk
BT-16801,58,2,482,3,1,1,Recent
BT-16802,183,2,326,2,1,1,At-risk
BV-112451,138,4,6258,2,2,4,Loyal
BV-112452,45,10,10437,3,4,4,High-value
BV-112453,125,3,2464,2,1,3,At-risk
BV-112454,335,5,1522,1,2,2,At-risk
BV-12451,129,3,685,2,1,1,At-risk
BW-10651,23,4,8957,4,2,4,High-value
BW-10652,188,1,70,2,1,1,At-risk
BW-110651,51,5,3107,3,2,3,Recent
BW-110652,181,5,1640,2,2,2,At-risk
BW-110653,118,5,3280,2,2,3,Loyal
BW-110654,213,3,386,2,1,1,At-risk
BW-11101,185,4,411,2,2,1,At-risk
BW-11102,1286,1,17,1,1,1,At-risk
BW-11103,258,5,1268,2,2,2,At-risk
BW-111101,199,12,12267,2,4,4,High-value
BW-111102,55,10,10394,3,4,4,High-value
BW-111103,405,5,3206,1,2,3,At-risk
BW-111104,122,8,4752,2,4,4,High-value
BW-112001,41,9,4381,4,4,4,High-value
BW-112002,57,4,1183,3,2,2,Recent
BW-112003,182,10,4557,2,4,4,High-value
BW-112004,204,6,1738,2,3,2,Loyal
BW-12001,134,3,2997,2,1,3,At-risk
BW-12002,385,1,109,1,1,1,At-risk
CA-119651,100,7,11653,3,3,4,High-value
CA-119652,45,9,4077,3,4,4,High-value
CA-119653,19,4,1591,4,2,2,Recent
CA-119654,97,6,3789,3,3,4,High-value
CA-120551,14,5,2746,4,2,3,Recent
CA-120552,127,7,4018,2,3,4,Loyal
CA-120553,94,5,2248,3,2,3,Recent
CA-120554,402,5,1679,1,2,2,At-risk
CA-122651,35,9,3988,4,4,4,High-value
CA-122652,52,6,9234,3,3,4,High-value
CA-122653,184,7,2601,2,3,3,Loyal
CA-122654,57,9,2649,3,4,3,High-value
CA-123101,198,5,1091,2,2,2,At-risk
CA-123102,15,7,2734,4,3,3,High-value
CA-123103,281,5,1920,1,2,3,At-risk
CA-123104,14,4,1423,4,2,2,Recent
CA-127751,568,5,11493,1,2,4,Loyal
CA-127752,94,6,2181,3,3,3,Loyal
CA-127753,187,8,1635,2,4,2,Loyal
CA-127754,121,7,3040,2,3,3,Loyal
CA-19651,187,3,435,2,1,1,At-risk
CA-19652,128,5,2448,2,2,3,Loyal
CA-20551,990,1,1002,1,1,2,At-risk
CA-20552,259,2,600,2,1,1,At-risk
CA-22651,134,1,321,2,1,1,At-risk
CA-22652,106,6,3042,3,3,3,Loyal
CA-23101,337,3,221,1,1,1,At-risk
CA-23102,505,2,414,1,1,1,At-risk
CA-27751,478,2,742,1,1,2,At-risk
CA-27752,310,2,743,1,1,2,At-risk
CB-120251,177,5,3393,2,2,3,Loyal
CB-120252,98,5,1475,3,2,2,Recent
CB-120253,10,5,744,4,2,2,Recent
CB-120254,48,10,6076,3,4,4,High-value
CB-124151,1127,1,311,1,1,1,At-risk
CB-124152,461,6,5679,1,3,4,Loyal
CB-124153,37,8,4766,4,4,4,High-value
CB-124154,27,8,1949,4,4,3,High-value
CB-125351,43,3,3987,3,1,4,Recent
CB-125352,45,8,7379,3,4,4,High-value
CB-125353,90,8,2500,3,4,3,High-value
CB-125354,198,8,4247,2,4,4,High-value
CB-20251,23,5,1841,4,2,2,Recent
CB-24151,1407,1,64,1,1,1,At-risk
CB-24152,517,3,1169,1,1,2,At-risk
CB-25351,8,1,116,4,1,1,Recent
CB-25352,353,1,32,1,1,1,At-risk
CC-121001,133,3,1317,2,1,2,At-risk
CC-121002,148,7,4417,2,3,4,Loyal
CC-121003,52,9,3997,3,4,4,High-value
CC-121004,458,6,1771,1,3,2,At-risk
CC-121451,83,7,4483,3,3,4,High-value
CC-121452,252,7,4945,2,3,4,Loyal
CC-121453,409,3,292,1,1,1,At-risk
CC-121454,107,7,2473,3,3,3,Loyal
CC-122201,57,5,850,3,2,2,Recent
CC-122202,100,7,1995,3,3,3,Loyal
CC-122203,668,8,550,1,4,1,At-risk
CC-122204,21,12,3914,4,4,4,High-value
CC-123701,145,12,9524,2,4,4,High-value
CC-123702,80,9,5455,3,4,4,High-value
CC-123703,255,4,1122,2,2,2,At-risk
CC-123704,44,5,12128,3,2,4,Recent
CC-124301,48,9,5193,3,4,4,High-value
CC-124302,677,1,57,1,1,1,At-risk
CC-124303,7,9,5878,4,4,4,High-value
CC-124304,1,10,2869,4,4,3,High-value
CC-124751,196,9,7015,2,4,4,High-value
CC-124752,192,5,2705,2,2,3,Loyal
CC-124753,17,7,5779,4,3,4,High-value
CC-124754,40,9,1659,4,4,2,High-value
CC-125501,324,6,4195,1,3,4,Loyal
CC-125502,194,8,1689,2,4,2,Loyal
CC-125503,147,8,1915,2,4,3,Loyal
CC-125504,28,3,113,4,1,1,Recent
CC-126101,17,11,5637,4,4,4,High-value
CC-126102,70,8,6492,3,4,4,High-value
CC-126103,89,3,2152,3,1,3,Recent
CC-126104,35,7,2541,4,3,3,High-value
CC-126701,28,9,4766,4,4,4,High-value
CC-126702,17,4,1384,4,2,2,Recent
CC-126703,90,8,1548,3,4,2,Loyal
CC-126704,30,7,2271,4,3,3,High-value
CC-126851,55,6,4893,3,3,4,High-value
CC-126852,266,7,4745,2,3,4,Loyal
CC-126853,155,3,304,2,1,1,At-risk
CC-126854,800,4,2854,1,2,3,At-risk
CC-21001,61,2,513,3,1,1,Recent
CC-21002,146,3,507,2,1,1,At-risk
CC-21451,777,3,671,1,1,1,At-risk
CC-21452,505,3,486,1,1,1,At-risk
CC-22201,111,3,1568,2,1,2,At-risk
CC-22202,486,5,944,1,2,2,At-risk
CC-22203,22,4,1662,4,2,2,Recent
CC-23701,7,3,1414,4,1,2,Recent
CC-23702,7,6,5544,4,3,4,High-value
CC-24301,853,1,154,1,1,1,At-risk
CC-24302,472,1,889,1,1,2,At-risk
CC-24751,346,4,2488,1,2,3,At-risk
CC-24752,1339,1,701,1,1,1,At-risk
CC-24753,56,2,519,3,1,1,Recent
CC-25501,272,3,321,1,1,1,At-risk
CC-25502,1219,2,1112,1,1,2,At-risk
CC-26101,345,3,782,1,1,2,At-risk
CC-26701,916,2,658,1,1,1,At-risk
CC-26702,147,4,870,2,2,2,At-risk
CC-26851,132,4,3954,2,2,4,Loyal
CC-26852,507,1,65,1,1,1,At-risk
CD-119201,44,5,7581,3,2,4,Recent
CD-119202,3,9,7413,4,4,4,High-value
CD-119203,98,8,1267,3,4,2,Loyal
CD-119204,41,5,2035,4,2,3,Recent
CD-119801,37,6,4610,4,3,4,High-value
CD-119802,2,7,3430,4,3,3,High-value
CD-119803,89,7,3170,3,3,3,Loyal
CD-119804,55,3,641,3,1,1,Recent
CD-122801,173,7,10763,2,3,4,Loyal
CD-122802,42,6,3185,3,3,3,Loyal
CD-122803,127,9,1628,2,4,2,Loyal
CD-122804,43,2,1206,3,1,2,Recent
CD-127901,248,3,1025,2,1,2,At-risk
CD-127902,141,13,10120,2,4,4,High-value
CD-127903,77,4,463,3,2,1,Recent
CD-127904,400,5,1861,1,2,2,At-risk
CD-19201,315,2,1602,1,1,2,At-risk
CD-19202,393,2,219,1,1,1,At-risk
CD-19801,7,3,996,4,1,2,Recent
CD-19802,256,2,156,2,1,1,At-risk
CD-19803,332,2,229,1,1,1,At-risk
CD-22801,13,4,566,4,2,1,Recent
CD-22802,61,3,638,3,1,1,Recent
CD-27901,134,4,910,2,2,2,At-risk
CD-27902,132,3,121,2,1,1,At-risk
CG-120401,22,7,1925,4,3,3,High-value
CG-120402,384,2,373,1,1,1,At-risk
CG-120403,393,4,393,1,2,1,At-risk
CG-120404,50,6,906,3,3,2,Loyal
CG-125201,29,6,6267,4,3,4,High-value
CG-125202,51,6,3538,3,3,3,Loyal
CG-125203,54,3,2591,3,1,3,Recent
CG-125204,339,3,1148,1,1,2,At-risk
CG-20401,499,2,36,1,1,1,At-risk
CG-20402,379,3,483,1,1,1,At-risk
CG-25201,120,4,180,2,2,1,At-risk
CG-25202,216,3,938,2,1,2,At-risk
CH-120701,132,5,2440,2,2,3,Loyal
CH-120702,142,9,6312,2,4,4,High-value
CH-120703,90,4,832,3,2,2,Recent
CH-120704,692,3,1537,1,1,2,At-risk
CH-20701,475,3,528,1,1,1,At-risk
CH-20702,307,5,4018,1,2,4,Loyal
CJ-118751,54,11,9269,3,4,4,High-value
CJ-118752,350,6,761,1,3,2,At-risk
CJ-118753,14,5,2494,4,2,3,Recent
CJ-118754,366,1,17,1,1,1,At-risk
CJ-120101,323,4,1948,1,2,3,At-risk
CJ-120102,34,6,1283,4,3,2,Loyal
CJ-120103,40,8,4961,4,4,4,High-value
CJ-120104,190,8,11165,2,4,4,High-value
CJ-18751,33,2,411,4,1,1,Recent
CJ-18752,115,4,1020,2,2,2,At-risk
CJ-20101,47,2,116,3,1,1,Recent
CJ-20102,898,1,109,1,1,1,At-risk
CK-122051,79,11,4487,3,4,4,High-value
CK-122052,45,7,4774,3,3,4,High-value
CK-122053,5,7,1207,4,3,2,Loyal
CK-122054,40,13,3154,4,4,3,High-value
CK-123251,71,7,1916,3,3,3,Loyal
CK-123252,96,6,1353,3,3,2,Loyal
CK-123253,62,9,3713,3,4,3,High-value
CK-123254,121,5,2946,2,2,3,Loyal
CK-125951,129,7,7018,2,3,4,Loyal
CK-125952,130,8,4945,2,4,4,High-value
CK-125953,44,7,2144,3,3,3,Loyal
CK-125954,44,11,2372,3,4,3,High-value
CK-127601,931,4,1002,1,2,2,At-risk
CK-127602,58,6,2293,3,3,3,Loyal
CK-127603,87,7,1700,3,3,2,Loyal
CK-127604,83,9,1583,3,4,2,Loyal
CK-22051,80,1,3,3,1,1,Recent
CK-22052,94,4,947,3,2,2,Recent
CK-23251,1,4,260,4,2,1,Recent
CK-23252,197,4,2867,2,2,3,Loyal
CK-25951,216,2,115,2,1,1,At-risk
CK-25952,616,1,547,1,1,1,At-risk
CK-27601,38,5,2081,4,2,3,Recent
CK-27602,303,7,1937,1,3,3,Loyal
CL-118901,128,7,6746,2,3,4,Loyal
CL-118902,14,6,2709,4,3,3,High-value
CL-118903,45,14,6904,3,4,4,High-value
CL-118904,107,4,1262,3,2,2,Recent
CL-125651,27,3,724,4,1,1,Recent
CL-125652,6,9,3424,4,4,3,High-value
CL-125653,125,6,1979,2,3,3,Loyal
CL-125654,285,12,10881,1,4,4,Loyal
CL-127001,9,9,10184,4,4,4,High-value
CL-127002,41,8,2902,4,4,3,High-value
CL-127003,22,9,2506,4,4,3,High-value
CL-127004,106,5,2354,3,2,3,Recent
CL-18901,315,5,325,1,2,1,At-risk
CL-18902,559,1,53,1,1,1,At-risk
CL-18903,93,3,181,3,1,1,Recent
CL-25651,206,4,2713,2,2,3,Loyal
CL-25652,43,2,63,3,1,1,Recent
CL-27001,142,2,1393,2,1,2,At-risk
CL-27002,192,2,39,2,1,1,At-risk
CM-118151,78,4,4625,3,2,4,Recent
CM-118152,41,7,5045,4,3,4,High-value
CM-118153,99,6,3020,3,3,3,Loyal
CM-118154,132,6,1676,2,3,2,Loyal
CM-118301,36,7,4081,4,3,4,High-value
CM-118302,7,11,11303,4,4,4,High-value
CM-118303,72,6,1447,3,3,2,Loyal
CM-119351,126,6,3551,2,3,3,Loyal
CM-119352,75,6,2261,3,3,3,Loyal
CM-119353,37,4,3313,4,2,3,Recent
CM-119354,709,2,565,1,1,1,At-risk
CM-121151,120,7,7791,2,3,4,Loyal
CM-121152,468,4,3738,1,2,3,At-risk
CM-121153,62,5,1467,3,2,2,Recent
CM-121154,9,4,1662,4,2,2,Recent
CM-121601,98,8,8870,3,4,4,High-value
CM-121602,268,7,2667,2,3,3,Loyal
CM-121603,166,5,3840,2,2,4,Loyal
CM-121604,27,6,2533,4,3,3,High-value
CM-121901,94,5,2052,3,2,3,Recent
CM-121902,276,6,5985,1,3,4,Loyal
CM-121903,1,8,1864,4,4,2,High-value
CM-121904,9,6,1475,4,3,2,Loyal
CM-122351,45,7,4720,3,3,4,High-value
CM-122352,43,6,2006,3,3,3,Loyal
CM-122353,403,4,2346,1,2,3,At-risk
CM-122354,386,5,2306,1,2,3,At-risk
CM-123851,58,11,7050,3,4,4,High-value
CM-123852,367,4,975,1,2,2,At-risk
CM-123853,154,6,4902,2,3,4,Loyal
CM-123854,38,4,8953,4,2,4,High-value
CM-124451,55,6,3891,3,3,4,High-value
CM-124452,85,5,4322,3,2,4,Recent
CM-124453,16,11,3473,4,4,3,High-value
CM-124454,437,3,287,1,1,1,At-risk
CM-126551,379,5,1068,1,2,2,At-risk
CM-126552,328,2,4740,1,1,4,At-risk
CM-126553,185,5,2041,2,2,3,Loyal
CM-126554,28,6,6340,4,3,4,High-value
CM-127151,162,3,1650,2,1,2,At-risk
CM-127152,42,6,1243,3,3,2,Loyal
CM-127153,234,6,1513,2,3,2,Loyal
CM-127154,1036,4,3985,1,2,4,Loyal
CM-18151,62,4,392,3,2,1,Recent
CM-18152,469,1,40,1,1,1,At-risk
CM-18301,149,5,3061,2,2,3,Loyal
CM-18302,114,8,1716,2,4,2,Loyal
CM-19351,49,4,160,3,2,1,Recent
CM-19352,647,3,298,1,1,1,At-risk
CM-21151,21,2,1304,4,1,2,Recent
CM-21152,311,1,604,1,1,1,At-risk
CM-21601,50,4,2144,3,2,3,Recent
CM-21602,1233,1,102,1,1,1,At-risk
CM-21901,153,3,1317,2,1,2,At-risk
CM-21902,787,1,134,1,1,1,At-risk
CM-22351,52,1,8,3,1,1,Recent
CM-22352,157,4,235,2,2,1,At-risk
CM-23851,575,3,553,1,1,1,At-risk
CM-23852,1120,1,27,1,1,1,At-risk
CM-24451,1016,1,341,1,1,1,At-risk
CM-24452,349,3,1401,1,1,2,At-risk
CM-26551,51,5,412,3,2,1,Recent
CM-26552,148,7,979,2,3,2,Loyal
CM-27151,954,3,629,1,1,1,At-risk
CM-27152,118,4,2210,2,2,3,Loyal
CP-120851,435,3,3889,1,1,4,At-risk
CP-120852,70,5,1632,3,2,2,Recent
CP-120853,177,7,3262,2,3,3,Loyal
CP-120854,83,8,5401,3,4,4,High-value
CP-123401,131,7,6559,2,3,4,Loyal
CP-123402,9,7,2537,4,3,3,High-value
CP-123403,30,8,5127,4,4,4,High-value
CP-123404,161,8,5889,2,4,4,High-value
CP-20851,143,3,1887,2,1,2,At-risk
CP-20852,418,1,885,1,1,2,At-risk
CP-20853,638,6,2814,1,3,3,Loyal
CP-23401,464,3,4136,1,1,4,At-risk
CP-23402,1080,1,909,1,1,2,At-risk
CR-125801,23,8,4013,4,4,4,High-value
CR-125802,155,5,2143,2,2,3,Loyal
CR-125803,37,3,397,4,1,1,Recent
CR-125804,58,4,2149,3,2,3,Recent
CR-126251,317,12,13043,1,4,4,Loyal
CR-126252,197,6,1164,2,3,2,Loyal
CR-126253,44,7,2593,3,3,3,Loyal
CR-126254,471,3,475,1,1,1,At-risk
CR-127301,127,10,8626,2,4,4,High-value
CR-127302,23,3,1625,4,1,2,Recent
CR-127303,108,7,7637,3,3,4,High-value
CR-127304,79,4,1600,3,2,2,Recent
CR-128201,76,4,5354,3,2,4,Recent
CR-128202,61,8,1284,3,4,2,Loyal
CR-128203,65,9,6434,3,4,4,High-value
CR-128204,86,3,1397,3,1,2,Recent
CR-25801,35,3,2793,4,1,3,Recent
CR-25802,282,2,264,1,1,1,At-risk
CR-26251,201,5,1216,2,2,2,At-risk
CR-26252,307,1,100,1,1,1,At-risk
CR-26253,140,3,3763,2,1,3,At-risk
CR-27301,6,6,986,4,3,2,Loyal
CR-27302,248,5,374,2,2,1,At-risk
CR-28201,56,4,600,3,2,1,Recent
CR-28202,199,4,588,2,2,1,At-risk
CS-118451,16,11,16655,4,4,4,High-value
CS-118452,69,5,850,3,2,2,Recent
CS-118453,175,5,1689,2,2,2,At-risk
CS-118454,92,5,1279,3,2,2,Recent
CS-118601,512,2,2474,1,1,3,At-risk
CS-118602,78,6,4358,3,3,4,High-value
CS-118603,394,7,3188,1,3,3,Loyal
CS-118604,163,6,538,2,3,1,At-risk
CS-119501,122,6,3771,2,3,4,Loyal
CS-119502,46,7,3883,3,3,4,High-value
CS-119503,573,7,3530,1,3,3,Loyal
CS-119504,26,11,3038,4,4,3,High-value
CS-121301,12,9,4964,4,4,4,High-value
CS-121302,471,4,3528,1,2,3,At-risk
CS-121303,57,5,1603,3,2,2,Recent
CS-121304,490,4,885,1,2,2,At-risk
CS-121751,61,17,13516,3,4,4,High-value
CS-121752,117,4,1748,2,2,2,At-risk
CS-121753,119,3,602,2,1,1,At-risk
CS-121754,233,5,844,2,2,2,At-risk
CS-122501,55,5,2520,3,2,3,Recent
CS-122502,27,8,5663,4,4,4,High-value
CS-122503,101,5,1560,3,2,2,Recent
CS-122504,27,12,2757,4,4,3,High-value
CS-123551,35,5,3244,4,2,3,Recent
CS-123552,128,4,568,2,2,1,At-risk
CS-123553,30,11,2227,4,4,3,High-value
CS-123554,7,11,3201,4,4,3,High-value
CS-124001,222,4,2117,2,2,3,Loyal
CS-124002,28,5,1413,4,2,2,Recent
CS-124003,2,5,3041,4,2,3,Recent
CS-124004,3,9,3651,4,4,3,High-value
CS-124601,296,7,8390,1,3,4,Loyal
CS-124602,7,7,6210,4,3,4,High-value
CS-124603,111,7,4937,2,3,4,Loyal
CS-124604,28,2,551,4,1,1,Recent
CS-124901,78,8,2831,3,4,3,High-value
CS-124902,3,8,1506,4,4,2,High-value
CS-124903,84,10,5698,3,4,4,High-value
CS-124904,425,4,1076,1,2,2,At-risk
CS-125051,197,3,2179,2,1,3,At-risk
CS-125052,827,1,503,1,1,1,At-risk
CS-125053,28,6,3164,4,3,3,High-value
CS-125054,59,6,5691,3,3,4,High-value
CS-18451,25,3,204,4,1,1,Recent
CS-18452,405,5,1390,1,2,2,At-risk
CS-18601,590,4,861,1,2,2,At-risk
CS-18602,51,5,760,3,2,2,Recent
CS-19501,136,2,533,2,1,1,At-risk
CS-19502,237,2,80,2,1,1,At-risk
CS-19503,500,1,101,1,1,1,At-risk
CS-21301,306,2,466,1,1,1,At-risk
CS-21302,1017,1,25,1,1,1,At-risk
CS-21303,527,1,877,1,1,2,At-risk
CS-21751,58,2,1380,3,1,2,Recent
CS-21752,256,3,1960,2,1,3,At-risk
CS-22501,1190,1,179,1,1,1,At-risk
CS-22502,3,3,1739,4,1,2,Recent
CS-23551,56,3,925,3,1,2,Recent
CS-23552,57,6,381,3,3,1,Loyal
CS-24001,12,3,1742,4,1,2,Recent
CS-24002,780,2,552,1,1,1,At-risk
CS-24601,339,3,1707,1,1,2,At-risk
CS-24602,203,5,964,2,2,2,At-risk
CS-24901,170,1,14,2,1,1,At-risk
CS-24902,498,2,1650,1,1,2,At-risk
CS-25051,521,4,1804,1,2,2,At-risk
CS-25052,51,3,91,3,1,1,Recent
CT-119951,322,4,4812,1,2,4,Loyal
CT-119952,199,9,3598,2,4,3,Loyal
CT-119953,29,6,2064,4,3,3,High-value
CT-119954,97,8,3241,3,4,3,High-value
CT-19951,784,2,424,1,1,1,At-risk
CV-122951,40,5,2602,4,2,3,Recent
CV-122952,73,4,670,3,2,1,Recent
CV-122953,52,6,2940,3,3,3,Loyal
CV-122954,255,5,2832,2,2,3,Loyal
CV-128051,5,5,3384,4,2,3,Recent
CV-128052,35,5,3926,4,2,4,High-value
CV-128053,939,1,84,1,1,1,At-risk
CV-128054,6,9,2372,4,4,3,High-value
CV-22951,111,4,387,2,2,1,At-risk
CV-22952,86,5,896,3,2,2,Recent
CV-28051,418,3,3070,1,1,3,At-risk
CV-28052,258,4,2021,2,2,3,Loyal
CW-119051,197,6,2652,2,3,3,Loyal
CW-119052,9,8,7410,4,4,4,High-value
CW-119053,360,5,1721,1,2,2,At-risk
CW-119054,23,6,1138,4,3,2,Loyal
CW-19051,385,3,922,1,1,2,At-risk
CW-19052,1241,1,514,1,1,1,At-risk
CY-127451,70,8,3267,3,4,3,High-value
CY-127452,120,8,3642,2,4,3,Loyal
CY-127453,368,7,4118,1,3,4,Loyal
CY-127454,61,8,2900,3,4,3,High-value
CY-27451,493,3,262,1,1,1,At-risk
CY-27452,1336,1,31,1,1,1,At-risk
Co-126401,5,8,6813,4,4,4,High-value
Co-126402,20,6,1560,4,3,2,Loyal
Co-126403,293,6,2607,1,3,3,Loyal
Co-126404,550,5,1300,1,2,2,At-risk
Co-26401,1092,3,755,1,1,2,At-risk
Co-26402,363,2,14,1,1,1,At-risk
DA-134501,124,6,3460,2,3,3,Loyal
DA-134502,161,7,2972,2,3,3,Loyal
DA-134503,14,8,6447,4,4,4,High-value
DA-134504,353,4,157,1,2,1,At-risk
DA-34501,951,2,1237,1,1,2,At-risk
DA-34502,15,2,975,4,1,2,Recent
DB-129101,131,4,1088,2,2,2,At-risk
DB-129102,147,5,5773,2,2,4,Loyal
DB-129103,3,10,3307,4,4,3,High-value
DB-129104,22,8,2172,4,4,3,High-value
DB-129701,218,2,808,2,1,2,At-risk
DB-129702,808,4,5520,1,2,4,Loyal
DB-129703,242,5,2840,2,2,3,Loyal
DB-130601,17,7,9904,4,3,4,High-value
DB-130602,442,8,7873,1,4,4,Loyal
DB-130603,48,4,1169,3,2,2,Recent
DB-130604,17,7,4532,4,3,4,High-value
DB-131201,918,3,350,1,1,1,At-risk
DB-131202,6,4,1953,4,2,3,Recent
DB-131203,29,2,327,4,1,1,Recent
DB-131204,49,7,2974,3,3,3,Loyal
DB-132101,17,7,2179,4,3,3,High-value
DB-132102,8,5,6544,4,2,4,High-value
DB-132103,22,5,2689,4,2,3,Recent
DB-132104,10,10,2333,4,4,3,High-value
DB-132701,34,8,2386,4,4,3,High-value
DB-132702,10,6,4532,4,3,4,High-value
DB-132703,1122,3,118,1,1,1,At-risk
DB-132704,54,8,4655,3,4,4,High-value
DB-133601,48,8,2322,3,4,3,High-value
DB-133602,239,8,1498,2,4,2,Loyal
DB-133603,68,7,2018,3,3,3,Loyal
DB-133604,265,5,1081,2,2,2,At-risk
DB-134051,29,8,8105,4,4,4,High-value
DB-134052,483,7,2879,1,3,3,Loyal
DB-134053,108,7,3390,3,3,3,Loyal
DB-134054,188,4,1712,2,2,2,At-risk
DB-135551,41,8,2331,4,4,3,High-value
DB-135552,73,2,1202,3,1,2,Recent
DB-135553,37,5,1971,4,2,3,Recent
DB-135554,108,7,3909,3,3,4,High-value
DB-136151,28,5,2567,4,2,3,Recent
DB-136152,578,9,3874,1,4,4,Loyal
DB-136153,118,7,1602,2,3,2,Loyal
DB-136154,34,7,1989,4,3,3,High-value
DB-136601,31,6,4522,4,3,4,High-value
DB-136602,402,4,3961,1,2,4,Loyal
DB-136603,282,3,1758,1,1,2,At-risk
DB-136604,13,7,1156,4,3,2,Loyal
DB-29101,334,2,792,1,1,2,At-risk
DB-29102,499,2,1180,1,1,2,At-risk
DB-29103,55,4,1080,3,2,2,Recent
DB-29701,219,1,181,2,1,1,At-risk
DB-29702,58,3,332,3,1,1,Recent
DB-30601,247,3,631,2,1,1,At-risk
DB-30602,9,5,1441,4,2,2,Recent
DB-31201,673,2,206,1,1,1,At-risk
DB-31202,359,2,465,1,1,1,At-risk
DB-32101,629,6,370,1,3,1,At-risk
DB-32102,583,1,17,1,1,1,At-risk
DB-32701,532,1,662,1,1,1,At-risk
DB-32702,49,1,225,3,1,1,Recent
DB-33601,435,2,3691,1,1,3,At-risk
DB-34051,558,2,548,1,1,1,At-risk
DB-35551,6,1,131,4,1,1,Recent
DB-35552,42,2,840,3,1,2,Recent
DB-36151,108,3,2686,3,1,3,Recent
DB-36152,126,1,137,2,1,1,At-risk
DB-36601,238,1,728,2,1,1,At-risk
DB-36602,812,2,1479,1,1,2,At-risk
DC-128501,98,7,3085,3,3,3,Loyal
DC-128502,72,3,1339,3,1,2,Recent
DC-128503,42,10,1548,3,4,2,Loyal
DC-128504,38,9,3336,4,4,3,High-value
DC-132851,451,2,440,1,1,1,At-risk
DC-132852,120,5,7308,2,2,4,Loyal
DC-132853,19,11,7248,4,4,4,High-value
DC-132854,24,5,1175,4,2,2,Recent
DC-28501,316,4,1476,1,2,2,At-risk
DC-28502,35,2,2091,4,1,3,Recent
DC-28503,201,3,564,2,1,1,At-risk
DC-32851,738,2,574,1,1,1,At-risk
DC-32852,393,2,227,1,1,1,At-risk
DD-135701,111,2,551,2,1,1,At-risk
DD-135702,145,10,6899,2,4,4,High-value
DD-135703,78,6,1023,3,3,2,Loyal
DD-135704,42,6,269,3,3,1,Loyal
DD-35701,64,5,1823,3,2,2,Recent
DD-35702,141,3,506,2,1,1,At-risk
DE-132551,20,5,3761,4,2,3,Recent
DE-132552,29,4,1269,4,2,2,Recent
DE-132553,131,8,2503,2,4,3,Loyal
DE-132554,720,5,2551,1,2,3,At-risk
DE-32551,521,2,142,1,1,1,At-risk
DE-32552,49,6,2573,3,3,3,Loyal
DF-131351,10,8,4201,4,4,4,High-value
DF-131352,47,4,3288,3,2,3,Recent
DF-131353,416,3,359,1,1,1,At-risk
DF-131354,701,3,2391,1,1,3,At-risk
DF-31351,44,2,1049,3,1,2,Recent
DF-31352,926,2,252,1,1,1,At-risk
DG-133001,108,10,5020,3,4,4,High-value
DG-133002,128,6,2484,2,3,3,Loyal
DG-133003,31,7,3034,4,3,3,High-value
DG-133004,33,5,3195,4,2,3,Recent
DG-33001,379,5,2949,1,2,3,At-risk
DG-33002,15,1,33,4,1,1,Recent
DH-130751,76,5,3831,3,2,4,Recent
DH-130752,112,5,2386,2,2,3,Loyal
DH-130753,93,9,2978,3,4,3,High-value
DH-130754,278,6,4933,1,3,4,Loyal
DH-136751,93,3,3433,3,1,3,Recent
DH-136752,22,3,2518,4,1,3,Recent
DH-136753,24,7,822,4,3,2,Loyal
DH-136754,777,4,1042,1,2,2,At-risk
DH-30751,160,6,1587,2,3,2,Loyal
DH-30752,490,4,476,1,2,1,At-risk
DH-36751,120,6,3412,2,3,3,Loyal
DH-36752,933,1,30,1,1,1,At-risk
DH-36753,21,5,1220,4,2,2,Recent
DJ-134201,51,7,5230,3,3,4,High-value
DJ-134202,23,11,11158,4,4,4,High-value
DJ-134203,433,6,3740,1,3,3,Loyal
DJ-134204,638,4,2012,1,2,3,At-risk
DJ-135101,7,6,2668,4,3,3,High-value
DJ-135102,167,7,4513,2,3,4,Loyal
DJ-135103,85,10,5736,3,4,4,High-value
DJ-135104,49,8,2502,3,4,3,High-value
DJ-136301,66,11,4266,3,4,4,High-value
DJ-136302,420,9,2730,1,4,3,Loyal
DJ-136303,325,4,2206,1,2,3,At-risk
DJ-136304,13,3,3357,4,1,3,Recent
DJ-34201,115,3,263,2,1,1,At-risk
DJ-34202,2,1,158,4,1,1,Recent
DJ-35101,119,3,2406,2,1,3,At-risk
DJ-35102,583,1,194,1,1,1,At-risk
DJ-35103,7,3,3376,4,1,3,Recent
DJ-36301,254,2,245,2,1,1,At-risk
DJ-36302,35,4,1048,4,2,2,Recent
DK-128351,58,7,2628,3,3,3,Loyal
DK-128352,178,5,4960,2,2,4,Loyal
DK-128353,58,8,6745,3,4,4,High-value
DK-128354,22,12,3256,4,4,3,High-value
DK-128951,55,5,6372,3,2,4,Recent
DK-128952,58,5,2533,3,2,3,Recent
DK-128953,273,7,5157,1,3,4,Loyal
DK-128954,46,5,4283,3,2,4,Recent
DK-129851,2,12,5573,4,4,4,High-value
DK-129852,38,9,2819,4,4,3,High-value
DK-129853,98,9,4743,3,4,4,High-value
DK-129854,8,5,1687,4,2,2,Recent
DK-130901,9,18,10186,4,4,4,High-value
DK-130902,25,6,5428,4,3,4,High-value
DK-130903,76,5,916,3,2,2,Recent
DK-130904,43,7,2652,3,3,3,Loyal
DK-131501,72,8,4872,3,4,4,High-value
DK-131502,168,6,5970,2,3,4,Loyal
DK-131503,422,6,4340,1,3,4,Loyal
DK-131504,11,2,798,4,1,2,Recent
DK-132251,2,8,652,4,4,1,Loyal
DK-132252,27,6,1819,4,3,2,Loyal
DK-132253,84,6,1972,3,3,3,Loyal
DK-132254,11,9,4802,4,4,4,High-value
DK-133751,86,6,4420,3,3,4,High-value
DK-133752,55,5,3069,3,2,3,Recent
DK-133753,5,7,5450,4,3,4,High-value
DK-133754,20,8,3318,4,4,3,High-value
DK-28351,108,3,1830,3,1,2,Recent
DK-28352,22,8,1542,4,4,2,High-value
DK-28951,147,2,254,2,1,1,At-risk
DK-28952,160,4,1039,2,2,2,At-risk
DK-29851,1207,1,81,1,1,1,At-risk
DK-30901,69,2,67,3,1,1,Recent
DK-30902,168,1,207,2,1,1,At-risk
DK-31501,58,4,333,3,2,1,Recent
DK-31502,213,10,1246,2,4,2,Loyal
DK-32251,66,5,822,3,2,2,Recent
DK-32252,251,3,585,2,1,1,At-risk
DK-33751,118,4,1764,2,2,2,At-risk
DK-33752,1395,1,60,1,1,1,At-risk
DK-33753,307,5,2022,1,2,3,At-risk
DL-128651,58,7,4683,3,3,4,High-value
DL-128652,119,10,3023,2,4,3,Loyal
DL-128653,176,9,1977,2,4,3,Loyal
DL-128654,101,8,1504,3,4,2,Loyal
DL-129251,58,6,4807,3,3,4,High-value
DL-129252,1413,1,117,1,1,1,At-risk
DL-129253,69,8,3169,3,4,3,High-value
DL-129254,58,6,3274,3,3,3,Loyal
DL-133151,225,4,1850,2,2,2,At-risk
DL-133152,19,9,13191,4,4,4,High-value
DL-133153,35,6,2007,4,3,3,High-value
DL-133154,23,8,1458,4,4,2,High-value
DL-133301,13,10,9729,4,4,4,High-value
DL-133302,205,9,4514,2,4,4,High-value
DL-133303,28,11,1949,4,4,3,High-value
DL-133304,58,4,585,3,2,1,Recent
DL-134951,509,5,4541,1,2,4,Loyal
DL-134952,23,8,5618,4,4,4,High-value
DL-134953,56,6,2176,3,3,3,Loyal
DL-134954,77,8,3540,3,4,3,High-value
DL-28651,203,2,926,2,1,2,At-risk
DL-28652,502,1,256,1,1,1,At-risk
DL-28653,274,4,321,1,2,1,At-risk
DL-29251,38,2,356,4,1,1,Recent
DL-29252,156,5,478,2,2,1,At-risk
DL-33151,48,3,715,3,1,1,Recent
DL-33152,104,3,1031,3,1,2,Recent
DL-33301,953,1,14,1,1,1,At-risk
DL-33302,706,1,156,1,1,1,At-risk
DL-33303,856,1,989,1,1,2,At-risk
DL-34951,461,3,655,1,1,1,At-risk
DL-34952,283,2,118,1,1,1,At-risk
DM-129551,161,7,7348,2,3,4,Loyal
DM-129552,41,9,3887,4,4,4,High-value
DM-129553,266,9,7304,2,4,4,High-value
DM-129554,115,7,1321,2,3,2,Loyal
DM-130151,6,10,5904,4,4,4,High-value
DM-130152,6,10,2930,4,4,3,High-value
DM-130153,97,3,448,3,1,1,Recent
DM-130154,58,7,6344,3,3,4,High-value
DM-133451,91,7,6883,3,3,4,High-value
DM-133452,3,8,4806,4,4,4,High-value
DM-133453,569,4,1290,1,2,2,At-risk
DM-133454,23,8,4074,4,4,4,High-value
DM-135251,324,6,2553,1,3,3,Loyal
DM-135252,59,4,3505,3,2,3,Recent
DM-135253,36,6,2208,4,3,3,High-value
DM-135254,482,3,1378,1,1,2,At-risk
DM-29551,651,3,878,1,1,2,At-risk
DM-29552,709,1,139,1,1,1,At-risk
DM-29553,13,5,1420,4,2,2,Recent
DM-30151,3,3,966,4,1,2,Recent
DM-30152,31,3,1141,4,1,2,Recent
DM-33451,146,3,334,2,1,1,At-risk
DM-33452,462,3,4664,1,1,4,At-risk
DM-35251,1151,1,246,1,1,1,At-risk
DM-35252,324,2,1183,1,1,2,At-risk
DM-35253,322,3,763,1,1,2,At-risk
DN-136901,20,6,2649,4,3,3,High-value
DN-136902,42,5,3020,3,2,3,Recent
DN-136903,266,6,5290,2,3,4,Loyal
DN-136904,218,7,2139,2,3,3,Loyal
DN-36901,13,3,735,4,1,2,Recent
DN-36902,435,1,949,1,1,2,At-risk
DN-36903,594,1,133,1,1,1,At-risk
DO-134351,162,8,9101,2,4,4,High-value
DO-134352,288,3,2697,1,1,3,At-risk
DO-134353,65,12,2184,3,4,3,High-value
DO-134354,134,9,1298,2,4,2,Loyal
DO-136451,380,6,6540,1,3,4,Loyal
DO-136452,107,6,2329,3,3,3,Loyal
DO-136453,231,6,1947,2,3,3,Loyal
DO-136454,27,7,1267,4,3,2,Loyal
DO-34351,37,5,2261,4,2,3,Recent
DO-34352,72,5,1256,3,2,2,Recent
DO-36451,169,2,251,2,1,1,At-risk
DO-36452,129,1,1112,2,1,2,At-risk
DO-36453,42,2,326,3,1,1,Recent
DP-130001,62,7,3395,3,3,3,Loyal
DP-130002,90,10,6306,3,4,4,High-value
DP-130003,395,5,3135,1,2,3,At-risk
DP-130004,127,9,1051,2,4,2,Loyal
DP-131051,99,6,11883,3,3,4,High-value
DP-131052,133,2,926,2,1,2,At-risk
DP-131053,65,9,3906,3,4,4,High-value
DP-131054,7,8,2215,4,4,3,High-value
DP-131651,359,7,11836,1,3,4,Loyal
DP-131652,57,9,7444,3,4,4,High-value
DP-131653,8,7,1874,4,3,2,Loyal
DP-131654,813,2,1059,1,1,2,At-risk
DP-133901,134,7,1889,2,3,2,Loyal
DP-133902,1,6,1773,4,3,2,Loyal
DP-133903,246,5,1141,2,2,2,At-risk
DP-133904,359,9,5482,1,4,4,Loyal
DP-30001,49,5,1107,3,2,2,Recent
DP-30002,1193,1,30,1,1,1,At-risk
DP-30003,15,4,956,4,2,2,Recent
DP-31051,65,4,5858,3,2,4,Recent
DP-31052,177,2,1113,2,1,2,At-risk
DP-31651,8,5,1364,4,2,2,Recent
DP-31652,1105,1,153,1,1,1,At-risk
DP-33901,1255,2,714,1,1,1,At-risk
DP-33902,101,1,91,3,1,1,Recent
DP-33903,13,3,571,4,1,1,Recent
DR-128801,30,7,3328,4,3,3,High-value
DR-128802,197,7,1894,2,3,2,Loyal
DR-128803,7,9,2664,4,4,3,High-value
DR-128804,4,9,6527,4,4,4,High-value
DR-129401,76,11,10943,3,4,4,High-value
DR-129402,28,7,4652,4,3,4,High-value
DR-129403,49,7,1696,3,3,2,Loyal
DR-129404,51,8,8352,3,4,4,High-value
DR-28801,266,5,1091,2,2,2,At-risk
DR-28802,5,3,1201,4,1,2,Recent
DR-29401,40,6,2065,4,3,3,High-value
DR-29402,305,2,224,1,1,1,At-risk
DS-130301,136,6,3254,2,3,3,Loyal
DS-130302,278,6,2082,1,3,3,Loyal
DS-130303,153,10,4547,2,4,4,High-value
DS-130304,94,4,1762,3,2,2,Recent
DS-131801,119,4,3598,2,2,3,Loyal
DS-131802,119,5,1632,2,2,2,At-risk
DS-131803,15,13,5338,4,4,4,High-value
DS-131804,24,9,2882,4,4,3,High-value
DS-30301,49,2,691,3,1,1,Recent
DS-30302,185,4,947,2,2,2,At-risk
DS-31801,324,1,177,1,1,1,At-risk
DS-31802,72,1,7,3,1,1,Recent
DV-130451,41,5,5756,4,2,4,High-value
DV-130452,97,6,2210,3,3,3,Loyal
DV-130453,122,8,9018,2,4,4,High-value
DV-130454,20,5,1122,4,2,2,Recent
DV-134651,195,5,3861,2,2,4,Loyal
DV-134652,409,2,412,1,1,1,At-risk
DV-134653,191,7,5297,2,3,4,Loyal
DV-134654,30,6,3343,4,3,3,High-value
DV-30451,631,3,1269,1,1,2,At-risk
DV-30452,34,10,3374,4,4,3,High-value
DV-34651,27,2,162,4,1,1,Recent
DV-34652,14,3,3876,4,1,4,Recent
DW-131951,7,13,7327,4,4,4,High-value
DW-131952,28,3,756,4,1,2,Recent
DW-131953,90,4,526,3,2,1,Recent
DW-131954,70,6,1079,3,3,2,Loyal
DW-134801,66,7,5313,3,3,4,High-value
DW-134802,185,4,3412,2,2,3,Loyal
DW-134803,213,7,2340,2,3,3,Loyal
DW-134804,218,5,5272,2,2,4,Loyal
DW-135401,13,4,3800,4,2,4,High-value
DW-135402,34,5,5296,4,2,4,High-value
DW-135403,95,6,3729,3,3,3,Loyal
DW-135404,99,5,343,3,2,1,Recent
DW-135851,6,11,4415,4,4,4,High-value
DW-135852,13,8,1490,4,4,2,High-value
DW-135853,83,11,5034,3,4,4,High-value
DW-135854,243,7,1205,2,3,2,Loyal
DW-31951,1148,1,55,1,1,1,At-risk
DW-31952,1064,3,1187,1,1,2,At-risk
DW-34801,168,4,1339,2,2,2,At-risk
DW-34802,495,2,2469,1,1,3,At-risk
DW-34803,56,6,3311,3,3,3,Loyal
DW-35401,55,1,25,3,1,1,Recent
DW-35402,1196,1,428,1,1,1,At-risk
DW-35403,920,2,763,1,1,2,At-risk
DW-35851,29,3,435,4,1,1,Recent
DW-35852,148,1,27,2,1,1,At-risk
Dl-136001,6,8,8124,4,4,4,High-value
Dl-136002,161,6,2973,2,3,3,Loyal
Dl-136003,86,1,59,3,1,1,Recent
Dl-136004,120,5,756,2,2,2,At-risk
Dl-36001,190,6,993,2,3,2,Loyal
Dl-36002,112,4,1815,2,2,2,At-risk
Dp-132401,252,6,9845,2,3,4,Loyal
Dp-132402,91,2,980,3,1,2,Recent
Dp-132403,19,9,4201,4,4,4,High-value
Dp-132404,85,11,7199,3,4,4,High-value
Dp-32401,470,4,382,1,2,1,At-risk
Dp-32402,26,2,128,4,1,1,Recent
Dp-32403,1170,1,98,1,1,1,At-risk
EA-140351,94,6,2922,3,3,3,Loyal
EA-140352,579,3,1337,1,1,2,At-risk
EA-140353,192,9,4285,2,4,4,High-value
EA-140354,153,13,2846,2,4,3,Loyal
EA-40351,166,3,131,2,1,1,At-risk
EB-137051,76,8,1641,3,4,2,Loyal
EB-137052,710,6,3127,1,3,3,Loyal
EB-137053,265,7,3972,2,3,4,Loyal
EB-137054,49,9,3643,3,4,3,High-value
EB-137501,363,2,1120,1,1,2,At-risk
EB-137502,33,5,2024,4,2,3,Recent
EB-137503,91,3,2109,3,1,3,Recent
EB-137504,36,10,3236,4,4,3,High-value
EB-138401,442,5,4078,1,2,4,Loyal
EB-138402,3,10,9895,4,4,4,High-value
EB-138403,196,5,1856,2,2,2,At-risk
EB-138404,91,5,4358,3,2,4,Recent
EB-138701,16,4,2920,4,2,3,Recent
EB-138702,18,4,1071,4,2,2,Recent
EB-138703,73,1,93,3,1,1,Recent
EB-138704,101,10,2768,3,4,3,High-value
EB-139301,20,8,3305,4,4,3,High-value
EB-139302,76,3,4727,3,1,4,Recent
EB-139303,598,2,557,1,1,1,At-risk
EB-139304,162,5,944,2,2,2,At-risk
EB-139751,20,9,1985,4,4,3,High-value
EB-139752,143,6,4893,2,3,4,Loyal
EB-139753,1,13,4883,4,4,4,High-value
EB-139754,1,4,1644,4,2,2,Recent
EB-141101,282,5,3471,1,2,3,At-risk
EB-141102,54,10,6522,3,4,4,High-value
EB-141103,36,3,601,4,1,1,Recent
EB-141104,114,6,3073,2,3,3,Loyal
EB-141701,132,6,1788,2,3,2,Loyal
EB-141702,358,1,419,1,1,1,At-risk
EB-141703,20,10,3344,4,4,3,High-value
EB-141704,83,6,1187,3,3,2,Loyal
EB-37051,399,2,2720,1,1,3,At-risk
EB-37052,1324,1,422,1,1,1,At-risk
EB-37501,1135,1,173,1,1,1,At-risk
EB-37502,185,5,766,2,2,2,At-risk
EB-38401,619,1,9,1,1,1,At-risk
EB-38402,1260,1,1444,1,1,2,At-risk
EB-38403,44,4,346,3,2,1,Recent
EB-38701,602,3,84,1,1,1,At-risk
EB-38702,498,2,101,1,1,1,At-risk
EB-39301,31,4,1462,4,2,2,Recent
EB-39302,8,5,972,4,2,2,Recent
EB-39751,781,4,2074,1,2,3,At-risk
EB-39752,36,5,640,4,2,1,Recent
EB-41101,58,5,1475,3,2,2,Recent
EB-41102,21,5,943,4,2,2,Recent
EB-41701,55,4,872,3,2,2,Recent
EB-41702,705,2,396,1,1,1,At-risk
EC-140501,112,7,2733,2,3,3,Loyal
EC-140502,244,3,231,2,1,1,At-risk
EC-140503,771,4,1003,1,2,2,At-risk
EC-140504,54,5,462,3,2,1,Recent
EC-40501,163,3,1537,2,1,2,At-risk
EC-40502,210,4,765,2,2,2,At-risk
ED-138851,80,7,6533,3,3,4,High-value
ED-138852,16,8,3080,4,4,3,High-value
ED-138853,45,8,4922,3,4,4,High-value
ED-138854,136,8,3487,2,4,3,Loyal
ED-38851,756,2,166,1,1,1,At-risk
ED-38852,624,1,15,1,1,1,At-risk
ED-38853,57,5,346,3,2,1,Recent
EG-139001,84,4,5381,3,2,4,Recent
EG-139002,142,7,6883,2,3,4,Loyal
EG-139003,37,5,2468,4,2,3,Recent
EG-139004,23,5,1833,4,2,2,Recent
EG-39001,90,6,5151,3,3,4,High-value
EG-39002,52,5,1398,3,2,2,Recent
EH-137651,3,8,5217,4,4,4,High-value
EH-137652,174,5,3774,2,2,4,Loyal
EH-137653,19,4,958,4,2,2,Recent
EH-137654,136,12,10313,2,4,4,High-value
EH-139451,121,5,562,2,2,1,At-risk
EH-139452,191,4,3265,2,2,3,Loyal
EH-139453,58,10,3320,3,4,3,High-value
EH-139454,218,8,684,2,4,1,Loyal
EH-139901,45,9,6141,3,4,4,High-value
EH-139902,103,4,979,3,2,2,Recent
EH-139903,68,7,862,3,3,2,Loyal
EH-139904,406,6,827,1,3,2,At-risk
EH-140051,73,9,1941,3,4,3,High-value
EH-140052,15,4,4728,4,2,4,High-value
EH-140053,29,8,2489,4,4,3,High-value
EH-140054,3,7,1220,4,3,2,Loyal
EH-141251,103,8,4073,3,4,4,High-value
EH-141252,125,8,7494,2,4,4,High-value
EH-141253,230,5,2760,2,2,3,Loyal
EH-141254,153,10,3084,2,4,3,Loyal
EH-141851,272,9,6225,1,4,4,Loyal
EH-141852,224,6,3744,2,3,3,Loyal
EH-141853,68,8,1906,3,4,3,High-value
EH-141854,106,6,925,3,3,2,Loyal
EH-37651,129,8,605,2,4,1,Loyal
EH-37652,1120,1,405,1,1,1,At-risk
EH-39451,112,3,1244,2,1,2,At-risk
EH-39452,1351,1,223,1,1,1,At-risk
EH-39453,486,5,1053,1,2,2,At-risk
EH-39901,721,5,635,1,2,1,At-risk
EH-39902,34,1,37,4,1,1,Recent
EH-40051,197,4,976,2,2,2,At-risk
EH-40052,197,3,1654,2,1,2,At-risk
EH-41251,23,7,1087,4,3,2,Loyal
EH-41252,70,6,3926,3,3,4,High-value
EH-41851,129,5,1863,2,2,2,At-risk
EH-41852,122,3,1714,2,1,2,At-risk
EJ-137201,50,6,4136,3,3,4,High-value
EJ-137202,183,4,537,2,2,1,At-risk
EJ-137203,121,8,2136,2,4,3,Loyal
EJ-137204,303,4,2161,1,2,3,At-risk
EJ-141551,28,7,4223,4,3,4,High-value
EJ-141552,49,6,2313,3,3,3,Loyal
EJ-141553,600,5,3131,1,2,3,At-risk
EJ-141554,58,5,2657,3,2,3,Recent
EJ-37201,213,5,1204,2,2,2,At-risk
EJ-37202,157,3,525,2,1,1,At-risk
EJ-41551,23,3,1841,4,1,2,Recent
EJ-41552,141,2,792,2,1,2,At-risk
EK-137951,114,6,1103,2,3,2,Loyal
EK-137952,93,5,2758,3,2,3,Recent
EK-137953,220,2,432,2,1,1,At-risk
EK-137954,45,4,1302,3,2,2,Recent
EK-37951,394,2,174,1,1,1,At-risk
EK-37952,213,4,1355,2,2,2,At-risk
EL-137351,293,6,4219,1,3,4,Loyal
EL-137352,146,6,3520,2,3,3,Loyal
EL-137353,54,9,2651,3,4,3,High-value
EL-137354,78,2,125,3,1,1,Recent
EL-37351,27,6,1976,4,3,3,High-value
EL-37352,202,5,1718,2,2,2,At-risk
EM-138101,273,5,7229,1,2,4,Loyal
EM-138102,79,5,1467,3,2,2,Recent
EM-138103,104,8,2290,3,4,3,High-value
EM-138104,133,5,2567,2,2,3,Loyal
EM-138251,351,5,4013,1,2,4,Loyal
EM-138252,283,6,4427,1,3,4,Loyal
EM-138253,138,7,3349,2,3,3,Loyal
EM-138254,56,8,2340,3,4,3,High-value
EM-139601,3,16,14324,4,4,4,High-value
EM-139602,17,10,5759,4,4,4,High-value
EM-139603,303,6,4212,1,3,4,Loyal
EM-139604,152,5,934,2,2,2,At-risk
EM-140651,17,5,4264,4,2,4,High-value
EM-140652,180,2,5518,2,1,4,Loyal
EM-140653,210,6,2097,2,3,3,Loyal
EM-140654,48,4,228,3,2,1,Recent
EM-140951,194,4,3189,2,2,3,Loyal
EM-140952,290,6,5336,1,3,4,Loyal
EM-140953,9,3,1324,4,1,2,Recent
EM-140954,114,4,1041,2,2,2,At-risk
EM-141401,176,9,10563,2,4,4,High-value
EM-141402,429,6,741,1,3,2,At-risk
EM-141403,25,9,5617,4,4,4,High-value
EM-141404,49,6,4589,3,3,4,High-value
EM-142001,120,7,7725,2,3,4,Loyal
EM-142002,87,5,3557,3,2,3,Recent
EM-142003,42,8,5438,3,4,4,High-value
EM-142004,159,3,367,2,1,1,At-risk
EM-38101,59,4,166,3,2,1,Recent
EM-38102,318,2,865,1,1,2,At-risk
EM-38251,967,2,41,1,1,1,At-risk
EM-38252,938,1,13,1,1,1,At-risk
EM-38253,483,3,325,1,1,1,At-risk
EM-39601,195,4,1171,2,2,2,At-risk
EM-39602,946,1,100,1,1,1,At-risk
EM-39603,239,3,1585,2,1,2,At-risk
EM-40651,150,4,1775,2,2,2,At-risk
EM-40652,1239,1,139,1,1,1,At-risk
EM-40653,53,4,1300,3,2,2,Recent
EM-40951,589,3,1759,1,1,2,At-risk
EM-40952,878,1,193,1,1,1,At-risk
EM-40953,132,5,881,2,2,2,At-risk
EM-41401,578,4,639,1,2,1,At-risk
EM-41402,94,2,1262,3,1,2,Recent
EM-42001,152,2,1922,2,1,3,At-risk
EM-42002,152,2,663,2,1,1,At-risk
EN-137801,15,5,1511,4,2,2,Recent
EN-137802,145,5,1957,2,2,3,Loyal
EN-137803,31,6,668,4,3,1,Loyal
EN-137804,288,4,2200,1,2,3,At-risk
EN-37801,365,4,179,1,2,1,At-risk
EN-37802,206,4,557,2,2,1,At-risk
EP-139151,223,10,6827,2,4,4,High-value
EP-139152,106,5,2289,3,2,3,Recent
EP-139153,582,1,1686,1,1,2,At-risk
EP-139154,13,17,5481,4,4,4,High-value
EP-39151,76,2,294,3,1,1,Recent
EP-39152,1284,1,193,1,1,1,At-risk
ER-138551,297,5,2687,1,2,3,At-risk
ER-138552,70,4,7927,3,2,4,Recent
ER-138553,134,7,1537,2,3,2,Loyal
ER-138554,422,3,1245,1,1,2,At-risk
ER-38551,54,2,464,3,1,1,Recent
ER-38552,113,5,3271,2,2,3,Loyal
ES-140201,66,9,1940,3,4,3,High-value
ES-140202,1,11,4999,4,4,4,High-value
ES-140203,77,7,2377,3,3,3,Loyal
ES-140204,41,5,3511,4,2,3,Recent
ES-140801,636,5,4914,1,2,4,Loyal
ES-140802,188,5,2036,2,2,3,Loyal
ES-140803,368,5,4628,1,2,4,Loyal
ES-140804,29,9,4657,4,4,4,High-value
ES-40201,29,2,367,4,1,1,Recent
ES-40202,426,1,735,1,1,2,At-risk
ES-40203,345,4,790,1,2,2,At-risk
ES-40801,146,6,960,2,3,2,Loyal
ES-40802,276,3,965,1,1,2,At-risk
FA-142301,23,5,2177,4,2,3,Recent
FA-142302,147,12,7077,2,4,4,High-value
FA-142303,39,5,1297,4,2,2,Recent
FA-142304,98,7,2984,3,3,3,Loyal
FA-42301,185,5,172,2,2,1,At-risk
FA-42302,342,1,643,1,1,1,At-risk
FC-142451,43,8,4133,3,4,4,High-value
FC-142452,462,4,752,1,2,2,At-risk
FC-142453,199,4,2566,2,2,3,Loyal
FC-142454,71,7,3419,3,3,3,Loyal
FC-143351,148,6,2788,2,3,3,Loyal
FC-143352,185,4,914,2,2,2,At-risk
FC-143353,108,6,1180,3,3,2,Loyal
FC-143354,185,7,3890,2,3,4,Loyal
FC-42451,492,3,946,1,1,2,At-risk
FC-42452,584,3,594,1,1,1,At-risk
FC-43351,1233,1,126,1,1,1,At-risk
FC-43352,111,3,425,2,1,1,At-risk
FG-142601,210,5,5148,2,2,4,Loyal
FG-142602,92,4,2518,3,2,3,Recent
FG-142603,52,2,348,3,1,1,Recent
FG-142604,35,7,1383,4,3,2,Loyal
FG-42601,111,3,83,2,1,1,At-risk
FG-42602,156,1,26,2,1,1,At-risk
FG-42603,476,5,198,1,2,1,At-risk
FH-142751,379,2,5052,1,1,4,At-risk
FH-142752,104,6,2972,3,3,3,Loyal
FH-142753,5,5,1292,4,2,2,Recent
FH-142754,38,10,4257,4,4,4,High-value
FH-143501,49,3,2950,3,1,3,Recent
FH-143502,2,8,4000,4,4,4,High-value
FH-143503,115,5,1433,2,2,2,At-risk
FH-143504,213,4,2273,2,2,3,Loyal
FH-143651,100,7,2864,3,3,3,Loyal
FH-143652,2,8,4470,4,4,4,High-value
FH-143653,43,7,13328,3,3,4,High-value
FH-143654,6,8,6989,4,4,4,High-value
FH-42751,237,2,34,2,1,1,At-risk
FH-42752,135,3,79,2,1,1,At-risk
FH-43501,15,2,45,4,1,1,Recent
FH-43502,1156,1,65,1,1,1,At-risk
FH-43651,367,1,192,1,1,1,At-risk
FH-43652,167,8,2561,2,4,3,Loyal
FM-142151,219,7,4305,2,3,4,Loyal
FM-142152,99,7,5513,3,3,4,High-value
FM-142153,255,7,2078,2,3,3,Loyal
FM-142154,8,10,2456,4,4,3,High-value
FM-142901,106,7,3353,3,3,3,Loyal
FM-142902,793,3,1407,1,1,2,At-risk
FM-142903,81,11,5888,3,4,4,High-value
FM-142904,37,9,3737,4,4,3,High-value
FM-143801,239,5,2301,2,2,3,Loyal
FM-143802,490,4,977,1,2,2,At-risk
FM-143803,479,3,796,1,1,2,At-risk
FM-143804,146,9,2523,2,4,3,Loyal
FM-42151,469,2,1994,1,1,3,At-risk
FM-42152,97,4,941,3,2,2,Recent
FM-42901,152,4,327,2,2,1,At-risk
FM-42902,3,4,1676,4,2,2,Recent
FM-43801,217,1,49,2,1,1,At-risk
FM-43802,2,5,795,4,2,2,Recent
FO-143051,79,7,4643,3,3,4,High-value
FO-143052,28,13,7365,4,4,4,High-value
FO-143053,23,7,929,4,3,2,Loyal
FO-143054,39,10,2681,4,4,3,High-value
FO-43051,293,3,140,1,1,1,At-risk
FO-43052,52,7,2017,3,3,3,Loyal
FP-143201,145,8,3973,2,4,4,High-value
FP-143202,211,5,1172,2,2,2,At-risk
FP-143203,30,8,751,4,4,2,High-value
FP-143204,24,8,4047,4,4,4,High-value
FP-43201,35,2,161,4,1,1,Recent
FP-43202,28,3,656,4,1,1,Recent
FW-143951,138,6,10897,2,3,4,Loyal
FW-143952,301,5,2878,1,2,3,At-risk
FW-143953,64,12,3118,3,4,3,High-value
FW-143954,363,3,81,1,1,1,At-risk
FW-43951,692,3,683,1,1,1,At-risk
FW-43952,1,5,537,4,2,1,Recent
GA-145151,540,2,3985,1,1,4,At-risk
GA-145152,23,6,2146,4,3,3,High-value
GA-145153,429,8,2436,1,4,3,Loyal
GA-145154,150,8,3922,2,4,4,High-value
GA-147251,3,7,5111,4,3,4,High-value
GA-147252,80,3,2145,3,1,3,Recent
GA-147253,338,3,167,1,1,1,At-risk
GA-147254,6,11,1400,4,4,2,High-value
GA-45151,36,3,247,4,1,1,Recent
GA-45152,118,4,1070,2,2,2,At-risk
GA-47251,71,4,1462,3,2,2,Recent
GB-145301,34,7,8129,4,3,4,High-value
GB-145302,251,3,1204,2,1,2,At-risk
GB-145303,295,4,755,1,2,2,At-risk
GB-145304,63,11,1569,3,4,2,Loyal
GB-145751,156,5,1609,2,2,2,At-risk
GB-145752,86,7,1786,3,3,2,Loyal
GB-145753,71,7,2637,3,3,3,Loyal
GB-145754,14,5,4717,4,2,4,High-value
GB-45301,209,2,375,2,1,1,At-risk
GB-45302,114,1,21,2,1,1,At-risk
GB-45303,171,2,130,2,1,1,At-risk
GB-45751,210,4,1372,2,2,2,At-risk
GB-45752,919,2,449,1,1,1,At-risk
GD-145901,13,9,6939,4,4,4,High-value
GD-145902,344,9,5870,1,4,4,Loyal
GD-145903,371,7,3307,1,3,3,Loyal
GD-145904,6,4,1888,4,2,2,Recent
GD-45901,387,1,46,1,1,1,At-risk
GD-45902,353,3,655,1,1,1,At-risk
GG-146501,78,5,1906,3,2,3,Recent
GG-146502,34,10,7619,4,4,4,High-value
GG-146503,353,4,1154,1,2,2,At-risk
GG-146504,44,9,2222,3,4,3,High-value
GG-46501,313,1,26,1,1,1,At-risk
GG-46502,104,4,974,3,2,2,Recent
GH-144101,62,4,1228,3,2,2,Recent
GH-144102,21,13,6755,4,4,4,High-value
GH-144103,91,10,2856,3,4,3,High-value
GH-144104,76,9,2819,3,4,3,High-value
GH-144251,101,9,7621,3,4,4,High-value
GH-144252,20,11,6292,4,4,4,High-value
GH-144253,19,7,1956,4,3,3,High-value
GH-144254,51,4,4172,3,2,4,Recent
GH-144851,290,5,4446,1,2,4,Loyal
GH-144852,52,9,7376,3,4,4,High-value
GH-144853,205,5,1509,2,2,2,At-risk
GH-144854,388,2,1362,1,1,2,At-risk
GH-146651,68,13,5986,3,4,4,High-value
GH-146652,6,8,4428,4,4,4,High-value
GH-146653,36,6,2359,4,3,3,High-value
GH-146654,3,2,147,4,1,1,Recent
GH-44101,298,4,967,1,2,2,At-risk
GH-44102,477,5,644,1,2,1,At-risk
GH-44251,84,7,3649,3,3,3,Loyal
GH-44252,847,1,127,1,1,1,At-risk
GH-44253,22,2,812,4,1,2,Recent
GH-44851,86,3,346,3,1,1,Recent
GH-44852,379,1,449,1,1,1,At-risk
GH-46651,493,4,361,1,2,1,At-risk
GH-46652,2,1,20,4,1,1,Recent
GH-46653,19,4,696,4,2,1,Recent
GK-146201,13,5,5556,4,2,4,High-value
GK-146202,80,5,3307,3,2,3,Recent
GK-146203,381,5,3856,1,2,4,Loyal
GK-146204,113,9,6498,2,4,4,High-value
GK-46201,629,3,649,1,1,1,At-risk
GK-46202,101,1,116,3,1,1,Recent
GM-144401,238,9,7407,2,4,4,High-value
GM-144402,20,6,2402,4,3,3,High-value
GM-144403,105,4,2390,3,2,3,Recent
GM-144404,84,7,3583,3,3,3,Loyal
GM-144551,36,6,5109,4,3,4,High-value
GM-144552,366,3,2032,1,1,3,At-risk
GM-144553,101,2,304,3,1,1,Recent
GM-144554,17,6,3078,4,3,3,High-value
GM-145001,190,3,1161,2,1,2,At-risk
GM-145002,505,3,286,1,1,1,At-risk
GM-145003,234,7,4003,2,3,4,Loyal
GM-145004,107,10,1255,3,4,2,Loyal
GM-146801,2,12,3550,4,4,3,High-value
GM-146802,8,5,3115,4,2,3,Recent
GM-146803,6,8,2181,4,4,3,High-value
GM-146804,153,6,3164,2,3,3,Loyal
GM-146951,111,4,2548,2,2,3,Loyal
GM-146952,197,5,4693,2,2,4,Loyal
GM-146953,48,7,1272,3,3,2,Loyal
GM-146954,118,3,6051,2,1,4,Loyal
GM-44401,2,5,596,4,2,1,Recent
GM-44402,133,3,140,2,1,1,At-risk
GM-44551,214,2,207,2,1,1,At-risk
GM-44552,209,2,281,2,1,1,At-risk
GM-45001,105,3,3670,3,1,3,Recent
GM-45002,372,2,628,1,1,1,At-risk
GM-46801,1076,1,522,1,1,1,At-risk
GM-46802,73,5,1068,3,2,2,Recent
GM-46951,260,3,474,2,1,1,At-risk
GM-46952,223,4,317,2,2,1,At-risk
GP-147401,57,5,5387,3,2,4,Recent
GP-147402,9,9,3409,4,4,3,High-value
GP-147403,2,9,1759,4,4,2,High-value
GP-147404,766,2,237,1,1,1,At-risk
GP-47401,691,4,3415,1,2,3,At-risk
GP-47402,152,4,1196,2,2,2,At-risk
GR-145601,56,9,2840,3,4,3,High-value
GR-145602,50,6,2996,3,3,3,Loyal
GR-145603,68,7,1773,3,3,2,Loyal
GR-145604,1137,2,1285,1,1,2,At-risk
GR-45601,154,4,4473,2,2,4,Loyal
GR-45602,211,2,483,2,1,1,At-risk
GT-146351,287,5,4010,1,2,4,Loyal
GT-146352,66,8,3599,3,4,3,High-value
GT-146353,57,4,2121,3,2,3,Recent
GT-146354,57,3,9351,3,1,4,Recent
GT-147101,41,7,5858,4,3,4,High-value
GT-147102,70,6,11430,3,3,4,High-value
GT-147103,9,6,5364,4,3,4,High-value
GT-147104,37,11,11821,4,4,4,High-value
GT-147551,43,7,1073,3,3,2,Loyal
GT-147552,69,8,2625,3,4,3,High-value
GT-147553,127,4,1678,2,2,2,At-risk
GT-147554,35,4,227,4,2,1,Recent
GT-46351,10,5,1113,4,2,2,Recent
GT-46352,548,2,32,1,1,1,At-risk
GT-47101,56,2,221,3,1,1,Recent
GT-47102,559,2,858,1,1,2,At-risk
GT-47551,21,2,2475,4,1,3,Recent
GT-47552,721,1,249,1,1,1,At-risk
GT-47553,1,5,734,4,2,2,Recent
GW-146051,105,9,8000,3,4,4,High-value
GW-146052,19,6,3745,4,3,3,High-value
GW-146053,456,3,2306,1,1,3,At-risk
GW-146054,29,7,2190,4,3,3,High-value
GW-46051,475,5,565,1,2,1,At-risk
GW-46052,15,3,1265,4,1,2,Recent
GZ-144701,149,8,5289,2,4,4,High-value
GZ-144702,8,8,8432,4,4,4,High-value
GZ-144703,22,10,2789,4,4,3,High-value
GZ-144704,8,9,4355,4,4,4,High-value
GZ-145451,276,8,3355,1,4,3,Loyal
GZ-145452,141,5,3043,2,2,3,Loyal
GZ-145453,77,7,2743,3,3,3,Loyal
GZ-145454,158,4,2454,2,2,3,Loyal
GZ-44701,148,2,2619,2,1,3,At-risk
GZ-44702,1358,1,62,1,1,1,At-risk
GZ-44703,279,5,1154,1,2,2,At-risk
GZ-45451,406,1,92,1,1,1,At-risk
GZ-45452,234,1,22,2,1,1,At-risk
GZ-45453,31,4,3585,4,2,3,Recent
HA-149051,83,6,6695,3,3,4,High-value
HA-149052,106,5,3337,3,2,3,Recent
HA-149053,79,6,3627,3,3,3,Loyal
HA-149054,70,7,2163,3,3,3,Loyal
HA-149201,42,8,3868,3,4,4,High-value
HA-149202,152,6,1371,2,3,2,Loyal
HA-149203,31,3,1918,4,1,3,Recent
HA-149204,21,8,2586,4,4,3,High-value
HA-49051,468,1,146,1,1,1,At-risk
HA-49052,14,3,962,4,1,2,Recent
HA-49201,497,2,100,1,1,1,At-risk
HA-49202,91,4,571,3,2,1,Recent
HD-147851,43,7,10484,3,3,4,High-value
HD-147852,99,6,3591,3,3,3,Loyal
HD-147853,100,13,2419,3,4,3,High-value
HD-147854,770,3,251,1,1,1,At-risk
HD-47851,107,6,3311,3,3,3,Loyal
HD-47852,258,1,14,2,1,1,At-risk
HE-148001,7,5,837,4,2,2,Recent
HE-148002,13,6,2874,4,3,3,High-value
HE-148003,462,12,5308,1,4,4,Loyal
HE-148004,13,4,884,4,2,2,Recent
HE-48001,62,3,227,3,1,1,Recent
HE-48002,37,5,863,4,2,2,Recent
HF-149951,458,6,2320,1,3,3,Loyal
HF-149952,84,8,3497,3,4,3,High-value
HF-149953,15,7,1363,4,3,2,Loyal
HF-149954,22,7,2534,4,3,3,High-value
HF-49951,391,3,1410,1,1,2,At-risk
HF-49952,482,5,689,1,2,1,At-risk
HG-148451,13,13,3561,4,4,3,High-value
HG-148452,43,6,10466,3,3,4,High-value
HG-148453,110,6,6417,2,3,4,Loyal
HG-148454,55,5,785,3,2,2,Recent
HG-149651,62,14,10262,3,4,4,High-value
HG-149652,280,5,1695,1,2,2,At-risk
HG-149653,384,3,1606,1,1,2,At-risk
HG-149654,24,12,3250,4,4,3,High-value
HG-150251,91,9,6510,3,4,4,High-value
HG-150252,344,6,2326,1,3,3,Loyal
HG-150253,7,7,2211,4,3,3,High-value
HG-150254,7,7,3690,4,3,3,High-value
HG-48451,176,6,1765,2,3,2,Loyal
HG-48452,142,3,1223,2,1,2,At-risk
HG-49651,225,3,83,2,1,1,At-risk
HG-49652,100,1,246,3,1,1,Recent
HG-49653,737,1,26,1,1,1,At-risk
HG-50251,24,4,1057,4,2,2,Recent
HG-50252,474,3,420,1,1,1,At-risk
HH-150101,149,8,6180,2,4,4,High-value
HH-150102,55,6,4155,3,3,4,High-value
HH-150103,62,8,3178,3,4,3,High-value
HH-150104,73,2,219,3,1,1,Recent
HH-50101,464,1,1296,1,1,2,At-risk
HH-50102,197,2,201,2,1,1,At-risk
HJ-148751,37,13,8541,4,4,4,High-value
HJ-148752,6,10,4961,4,4,4,High-value
HJ-148753,541,4,451,1,2,1,At-risk
HJ-148754,127,5,359,2,2,1,At-risk
HJ-48751,311,2,233,1,1,1,At-risk
HJ-48752,385,4,890,1,2,2,At-risk
HK-148901,126,5,2378,2,2,3,Loyal
HK-148902,127,8,4282,2,4,4,High-value
HK-148903,44,6,2349,3,3,3,Loyal
HK-148904,152,8,4877,2,4,4,High-value
HK-48901,171,2,301,2,1,1,At-risk
HK-48902,609,1,336,1,1,1,At-risk
HK-48903,57,3,1018,3,1,2,Recent
HL-150401,31,6,8802,4,3,4,High-value
HL-150402,204,4,2071,2,2,3,Loyal
HL-150403,37,4,5919,4,2,4,High-value
HL-150404,44,6,12875,3,3,4,High-value
HL-50401,687,2,127,1,1,1,At-risk
HL-50402,189,2,452,2,1,1,At-risk
HM-148601,10,11,4407,4,4,4,High-value
HM-148602,2,11,9940,4,4,4,High-value
HM-148603,142,5,4851,2,2,4,Loyal
HM-148604,3,10,8236,4,4,4,High-value
HM-149801,59,10,4451,3,4,4,High-value
HM-149802,41,9,5605,4,4,4,High-value
HM-149803,26,6,1926,4,3,3,High-value
HM-149804,248,4,738,2,2,2,At-risk
HM-48601,240,2,259,2,1,1,At-risk
HM-48602,35,2,784,4,1,2,Recent
HM-49801,524,2,4068,1,1,4,At-risk
HM-49802,465,3,340,1,1,1,At-risk
HP-148151,272,4,1045,1,2,2,At-risk
HP-148152,562,5,1756,1,2,2,At-risk
HP-148153,103,8,2529,3,4,3,High-value
HP-148154,31,7,1991,4,3,3,High-value
HP-48151,233,2,608,2,1,1,At-risk
HP-48152,64,3,588,3,1,1,Recent
HR-147701,100,4,4409,3,2,4,Recent
HR-147702,80,5,3553,3,2,3,Recent
HR-147703,42,4,1869,3,2,2,Recent
HR-147704,14,5,1299,4,2,2,Recent
HR-148301,479,6,1940,1,3,3,Loyal
HR-148302,52,4,1333,3,2,2,Recent
HR-148303,392,4,1117,1,2,2,At-risk
HR-148304,160,7,5251,2,3,4,Loyal
HR-47701,289,3,1833,1,1,2,At-risk
HR-47702,294,1,97,1,1,1,At-risk
HR-47703,188,4,2620,2,2,3,Loyal
HR-48301,149,1,331,2,1,1,At-risk
HR-48302,348,2,62,1,1,1,At-risk
HW-149351,70,10,3557,3,4,3,High-value
HW-149352,35,6,4146,4,3,4,High-value
HW-149353,80,4,195,3,2,1,Recent
HW-149354,118,8,9299,2,4,4,High-value
HW-49351,57,2,443,3,1,1,Recent
HW-49352,125,5,732,2,2,2,At-risk
HZ-149501,51,9,5115,3,4,4,High-value
HZ-149502,37,6,3085,4,3,3,High-value
HZ-149503,489,2,571,1,1,1,At-risk
HZ-149504,36,5,887,4,2,2,Recent
HZ-49501,598,3,2525,1,1,3,At-risk
HZ-49502,209,3,304,2,1,1,At-risk
IG-150851,14,7,4573,4,3,4,High-value
IG-150852,107,8,2899,3,4,3,High-value
IG-150853,64,6,2169,3,3,3,Loyal
IG-150854,72,4,744,3,2,2,Recent
IG-50851,2,6,4148,4,3,4,High-value
IG-50852,35,6,1618,4,3,2,Loyal
IL-151001,147,4,1797,2,2,2,At-risk
IL-151002,117,6,1333,2,3,2,Loyal
IL-151003,223,8,3630,2,4,3,Loyal
IL-151004,143,7,5040,2,3,4,Loyal
IL-51001,164,3,368,2,1,1,At-risk
IL-51002,602,4,685,1,2,1,At-risk
IM-150551,512,2,362,1,1,1,At-risk
IM-150552,16,7,1357,4,3,2,Loyal
IM-150553,260,3,564,2,1,1,At-risk
IM-150554,410,3,2872,1,1,3,At-risk
IM-150701,213,5,2706,2,2,3,Loyal
IM-150702,41,9,7327,4,4,4,High-value
IM-150703,266,6,2891,2,3,3,Loyal
IM-150704,391,7,4931,1,3,4,Loyal
IM-50551,373,3,3118,1,1,3,At-risk
IM-50552,20,4,1207,4,2,2,Recent
IM-50701,234,1,168,2,1,1,At-risk
IM-50702,51,6,1896,3,3,3,Loyal
JA-159701,1,4,3780,4,2,4,High-value
JA-159702,163,8,5016,2,4,4,High-value
JA-159703,40,5,1820,4,2,2,Recent
JA-159704,93,8,6494,3,4,4,High-value
JA-59701,1,3,872,4,1,2,Recent
JA-59702,19,4,187,4,2,1,Recent
JB-154001,385,3,432,1,1,1,At-risk
JB-154002,44,13,8395,3,4,4,High-value
JB-154003,93,8,2468,3,4,3,High-value
JB-154004,8,10,1791,4,4,2,High-value
JB-159251,10,8,6083,4,4,4,High-value
JB-159252,581,3,3542,1,1,3,At-risk
JB-159253,30,5,1800,4,2,2,Recent
JB-159254,738,3,901,1,1,2,At-risk
JB-160001,185,7,6316,2,3,4,Loyal
JB-160002,97,10,9689,3,4,4,High-value
JB-160003,2,8,5478,4,4,4,High-value
JB-160004,44,7,644,3,3,1,Loyal
JB-160451,41,6,5763,4,3,4,High-value
JB-160452,694,6,2394,1,3,3,Loyal
JB-160453,1,7,3176,4,3,3,High-value
JB-160454,8,5,2518,4,2,3,Recent
JB-54001,232,3,1666,2,1,2,At-risk
JB-54002,83,4,506,3,2,1,Recent
JB-59251,23,3,351,4,1,1,Recent
JB-59252,297,5,662,1,2,1,At-risk
JB-60001,218,4,786,2,2,2,At-risk
JB-60002,175,3,1098,2,1,2,At-risk
JB-60451,205,4,2058,2,2,3,Loyal
JB-60452,29,6,1178,4,3,2,Loyal
JC-153401,46,9,9111,3,4,4,High-value
JC-153402,35,11,8333,4,4,4,High-value
JC-153403,374,5,322,1,2,1,At-risk
JC-153404,115,4,72,2,2,1,At-risk
JC-153851,85,5,1008,3,2,2,Recent
JC-153852,55,8,6236,3,4,4,High-value
JC-153853,9,11,4676,4,4,4,High-value
JC-153854,176,1,1057,2,1,2,At-risk
JC-157751,8,6,4133,4,3,4,High-value
JC-157752,2,8,3185,4,4,3,High-value
JC-157753,451,2,495,1,1,1,At-risk
JC-157754,159,9,2773,2,4,3,Loyal
JC-161051,156,6,2239,2,3,3,Loyal
JC-161052,104,10,6355,3,4,4,High-value
JC-161053,85,7,1628,3,3,2,Loyal
JC-161054,58,5,858,3,2,2,Recent
JC-53401,143,5,427,2,2,1,At-risk
JC-53402,772,1,178,1,1,1,At-risk
JC-53851,52,5,893,3,2,2,Recent
JC-53852,16,4,2291,4,2,3,Recent
JC-57751,14,3,314,4,1,1,Recent
JC-57752,65,2,1398,3,1,2,Recent
JC-61051,317,1,61,1,1,1,At-risk
JC-61052,103,5,3855,3,2,4,Recent
JD-157901,329,8,3605,1,4,3,Loyal
JD-157902,625,3,1408,1,1,2,At-risk
JD-157903,16,8,3104,4,4,3,High-value
JD-157904,118,5,2153,2,2,3,Loyal
JD-158951,82,7,2372,3,3,3,Loyal
JD-158952,7,5,3959,4,2,4,High-value
JD-158953,27,9,2770,4,4,3,High-value
JD-158954,395,11,7609,1,4,4,Loyal
JD-160151,49,5,3410,3,2,3,Recent
JD-160152,57,6,932,3,3,2,Loyal
JD-160153,213,7,3966,2,3,4,Loyal
JD-160154,113,6,386,2,3,1,At-risk
JD-160601,223,2,1212,2,1,2,At-risk
JD-160602,70,7,3015,3,3,3,Loyal
JD-160603,66,7,2760,3,3,3,Loyal
JD-160604,301,3,696,1,1,1,At-risk
JD-161501,1,4,2958,4,2,3,Recent
JD-161502,485,6,3075,1,3,3,Loyal
JD-161503,199,10,3425,2,4,3,Loyal
JD-161504,42,8,8829,3,4,4,High-value
JD-57901,698,2,959,1,1,2,At-risk
JD-57902,300,3,362,1,1,1,At-risk
JD-58951,204,3,1435,2,1,2,At-risk
JD-58952,73,1,961,3,1,2,Recent
JD-58953,3,2,375,4,1,1,Recent
JD-60151,205,3,1188,2,1,2,At-risk
JD-60152,43,5,1464,3,2,2,Recent
JD-60601,141,6,3471,2,3,3,Loyal
JD-60602,198,3,74,2,1,1,At-risk
JD-61501,467,1,1679,1,1,2,At-risk
JD-61502,22,5,3652,4,2,3,Recent
JE-154751,201,5,2873,2,2,3,Loyal
JE-154752,36,6,1173,4,3,2,Loyal
JE-154753,37,5,471,4,2,1,Recent
JE-154754,194,6,1388,2,3,2,Loyal
JE-156101,97,11,4147,3,4,4,High-value
JE-156102,373,3,750,1,1,2,At-risk
JE-156103,43,5,540,3,2,1,Recent
JE-156104,49,7,7757,3,3,4,High-value
JE-157151,10,12,9856,4,4,4,High-value
JE-157152,55,10,3163,3,4,3,High-value
JE-157153,50,4,556,3,2,1,Recent
JE-157154,47,10,8696,3,4,4,High-value
JE-157451,190,7,3743,2,3,3,Loyal
JE-157452,33,7,2614,4,3,3,High-value
JE-157453,68,8,6511,3,4,4,High-value
JE-157454,52,13,6762,3,4,4,High-value
JE-161651,160,7,2865,2,3,3,Loyal
JE-161652,384,6,2278,1,3,3,Loyal
JE-161653,42,4,513,3,2,1,Recent
JE-161654,21,3,2698,4,1,3,Recent
JE-54751,194,3,179,2,1,1,At-risk
JE-54752,28,5,734,4,2,2,Recent
JE-56101,176,4,613,2,2,1,At-risk
JE-56102,195,2,145,2,1,1,At-risk
JE-57151,87,4,107,3,2,1,Recent
JE-57152,229,3,74,2,1,1,At-risk
JE-57451,826,1,499,1,1,1,At-risk
JE-57452,195,6,1776,2,3,2,Loyal
JE-61651,37,6,4343,4,3,4,High-value
JE-61652,483,2,213,1,1,1,At-risk
JF-151901,7,10,10692,4,4,4,High-value
JF-151902,610,7,2665,1,3,3,Loyal
JF-151903,148,4,1428,2,2,2,At-risk
JF-151904,66,7,2280,3,3,3,Loyal
JF-152951,108,4,5696,3,2,4,Recent
JF-152952,57,8,7907,3,4,4,High-value
JF-152953,92,7,5824,3,3,4,High-value
JF-152954,226,5,955,2,2,2,At-risk
JF-153551,35,4,488,4,2,1,Recent
JF-153552,14,8,3944,4,4,4,High-value
JF-153553,170,4,999,2,2,2,At-risk
JF-153554,106,6,1912,3,3,3,Loyal
JF-154151,206,5,4409,2,2,4,Loyal
JF-154152,28,6,6489,4,3,4,High-value
JF-154153,104,6,1450,3,3,2,Loyal
JF-154154,3,6,2371,4,3,3,High-value
JF-154901,13,8,3438,4,4,3,High-value
JF-154902,5,5,2761,4,2,3,Recent
JF-154903,66,6,1953,3,3,3,Loyal
JF-154904,122,11,1082,2,4,2,Loyal
JF-155651,6,5,4381,4,2,4,High-value
JF-155652,106,12,8700,3,4,4,High-value
JF-155653,2,4,2565,4,2,3,Recent
JF-155654,55,8,4198,3,4,4,High-value
JF-51901,150,2,128,2,1,1,At-risk
JF-51902,328,6,3383,1,3,3,Loyal
JF-52951,64,3,681,3,1,1,Recent
JF-52952,513,1,90,1,1,1,At-risk
JF-52953,110,4,1664,2,2,2,At-risk
JF-53551,133,4,575,2,2,1,At-risk
JF-53552,97,5,2900,3,2,3,Recent
JF-54151,38,6,6470,4,3,4,High-value
JF-54152,76,5,1758,3,2,2,Recent
JF-54901,100,3,709,3,1,1,Recent
JF-54902,115,4,779,2,2,2,At-risk
JF-55651,421,3,3367,1,1,3,At-risk
JF-55652,453,3,410,1,1,1,At-risk
JG-151151,69,4,570,3,2,1,Recent
JG-151152,418,5,5396,1,2,4,Loyal
JG-151153,421,7,4476,1,3,4,Loyal
JG-151154,759,3,2358,1,1,3,At-risk
JG-151601,31,8,1631,4,4,2,High-value
JG-151602,30,5,9340,4,2,4,High-value
JG-151603,114,8,2628,2,4,3,Loyal
JG-151604,2,11,6366,4,4,4,High-value
JG-153101,20,8,5932,4,4,4,High-value
JG-153102,80,5,3327,3,2,3,Recent
JG-153103,261,5,1234,2,2,2,At-risk
JG-153104,3,6,2241,4,3,3,High-value
JG-158051,43,12,11116,3,4,4,High-value
JG-158052,1,15,7843,4,4,4,High-value
JG-158053,6,4,1544,4,2,2,Recent
JG-158054,224,6,1507,2,3,2,Loyal
JG-51151,499,5,836,1,2,2,At-risk
JG-51152,6,4,2072,4,2,3,Recent
JG-51601,17,6,1274,4,3,2,Loyal
JG-51602,650,2,315,1,1,1,At-risk
JG-53101,44,5,836,3,2,2,Recent
JG-58051,930,1,81,1,1,1,At-risk
JG-58052,134,2,128,2,1,1,At-risk
JH-154301,7,10,3258,4,4,3,High-value
JH-154302,58,5,1853,3,2,2,Recent
JH-154303,42,12,6387,3,4,4,High-value
JH-154304,6,4,310,4,2,1,Recent
JH-158201,42,9,5384,3,4,4,High-value
JH-158202,111,9,11729,2,4,4,High-value
JH-158203,14,7,5947,4,3,4,High-value
JH-158204,175,6,529,2,3,1,At-risk
JH-159101,43,12,7444,3,4,4,High-value
JH-159102,49,8,1697,3,4,2,Loyal
JH-159103,43,5,2429,3,2,3,Recent
JH-159104,42,7,959,3,3,2,Loyal
JH-159851,16,11,4342,4,4,4,High-value
JH-159852,12,6,2652,4,3,3,High-value
JH-159853,506,15,3916,1,4,4,Loyal
JH-159854,30,6,7955,4,3,4,High-value
JH-161801,51,10,3505,3,4,3,High-value
JH-161802,262,12,8370,2,4,4,High-value
JH-161803,70,5,4133,3,2,4,Recent
JH-161804,405,4,2257,1,2,3,At-risk
JH-54301,8,7,790,4,3,2,Loyal
JH-54302,1186,1,28,1,1,1,At-risk
JH-54303,632,1,66,1,1,1,At-risk
JH-58201,43,3,920,3,1,2,Recent
JH-58202,69,4,1438,3,2,2,Recent
JH-59101,41,4,2272,4,2,3,Recent
JH-59102,990,1,125,1,1,1,At-risk
JH-59103,157,3,1618,2,1,2,At-risk
JH-59851,53,5,1536,3,2,2,Recent
JH-59852,153,2,538,2,1,1,At-risk
JH-61801,58,5,1762,3,2,2,Recent
JH-61802,114,1,34,2,1,1,At-risk
JH-61803,28,3,3857,4,1,4,Recent
JJ-154451,350,6,3212,1,3,3,Loyal
JJ-154452,97,5,2926,3,2,3,Recent
JJ-154453,34,3,2852,4,1,3,Recent
JJ-154454,484,5,710,1,2,1,At-risk
JJ-157601,50,8,7400,3,4,4,High-value
JJ-157602,3,13,8606,4,4,4,High-value
JJ-157603,401,5,1904,1,2,3,At-risk
JJ-157604,754,2,195,1,1,1,At-risk
JJ-54451,200,2,1952,2,1,3,At-risk
JJ-54452,20,4,539,4,2,1,Recent
JJ-57601,450,3,908,1,1,2,At-risk
JJ-57602,269,3,980,1,1,2,At-risk
JK-152051,420,5,1000,1,2,2,At-risk
JK-152052,171,6,2905,2,3,3,Loyal
JK-152053,71,8,2584,3,4,3,High-value
JK-152054,62,5,4427,3,2,4,Recent
JK-153251,78,13,10908,3,4,4,High-value
JK-153252,191,5,2375,2,2,3,Loyal
JK-153253,468,7,3330,1,3,3,Loyal
JK-153254,288,3,384,1,1,1,At-risk
JK-153701,22,5,1145,4,2,2,Recent
JK-153702,2,8,1779,4,4,2,High-value
JK-153703,121,6,4556,2,3,4,Loyal
JK-153704,45,8,2710,3,4,3,High-value
JK-156251,2,7,3778,4,3,4,High-value
JK-156252,319,4,697,1,2,1,At-risk
JK-156253,75,9,4519,3,4,4,High-value
JK-156254,62,7,3762,3,3,3,Loyal
JK-156401,233,3,301,2,1,1,At-risk
JK-156402,1,5,4359,4,2,4,High-value
JK-156403,18,9,3219,4,4,3,High-value
JK-156404,181,9,4762,2,4,4,High-value
JK-157301,49,8,8134,3,4,4,High-value
JK-157302,210,7,5638,2,3,4,Loyal
JK-157303,202,9,2188,2,4,3,Loyal
JK-157304,85,10,4868,3,4,4,High-value
JK-160901,50,10,10861,3,4,4,High-value
JK-160902,9,11,3514,4,4,3,High-value
JK-160903,23,9,3798,4,4,4,High-value
JK-160904,29,3,3748,4,1,3,Recent
JK-161201,166,6,6498,2,3,4,Loyal
JK-161202,98,5,894,3,2,2,Recent
JK-161203,111,5,2809,2,2,3,Loyal
JK-161204,118,10,2933,2,4,3,Loyal
JK-52051,1198,1,621,1,1,1,At-risk
JK-52052,592,4,996,1,2,2,At-risk
JK-53251,461,3,203,1,1,1,At-risk
JK-53701,145,4,2350,2,2,3,Loyal
JK-53702,345,2,861,1,1,2,At-risk
JK-56251,351,6,1969,1,3,3,Loyal
JK-56252,317,1,2264,1,1,3,At-risk
JK-56253,1231,1,132,1,1,1,At-risk
JK-56401,895,1,164,1,1,1,At-risk
JK-56402,174,3,266,2,1,1,At-risk
JK-57301,484,3,2764,1,1,3,At-risk
JK-57302,842,3,3097,1,1,3,At-risk
JK-60901,13,3,1078,4,1,2,Recent
JK-60902,1159,1,116,1,1,1,At-risk
JK-60903,1233,1,21,1,1,1,At-risk
JK-61201,643,3,625,1,1,1,At-risk
JK-61202,141,1,875,2,1,2,At-risk
JK-61203,194,2,1014,2,1,2,At-risk
JL-151301,475,4,1206,1,2,2,At-risk
JL-151302,22,8,7903,4,4,4,High-value
JL-151303,158,10,2583,2,4,3,Loyal
JL-151304,9,6,1215,4,3,2,Loyal
JL-151751,170,6,4745,2,3,4,Loyal
JL-151752,188,6,3892,2,3,4,Loyal
JL-151753,42,10,3286,3,4,3,High-value
JL-151754,7,5,1571,4,2,2,Recent
JL-152351,48,7,8290,3,3,4,High-value
JL-152352,14,7,4913,4,3,4,High-value
JL-152353,108,5,3320,3,3,3,Loyal
JL-152354,120,5,2204,2,3,3,Loyal
JL-155051,132,5,534,2,3,1,At-risk
JL-155052,31,5,477,4,3,1,Loyal
JL-155053,387,6,4446,1,3,4,Loyal
JL-155054,50,6,3175,3,3,3,Loyal
JL-158351,62,8,7146,3,4,4,High-value
JL-158352,386,5,2939,1,3,3,Loyal
JL-158353,192,6,2707,2,3,3,Loyal
JL-158354,22,11,9799,4,4,4,High-value
JL-158501,841,4,2581,1,2,3,At-risk
JL-158502,140,6,1941,2,3,3,Loyal
JL-158503,45,6,1251,3,3,2,Loyal
JL-158504,615,6,2726,1,3,3,Loyal
JL-51301,289,4,1313,1,2,2,At-risk
JL-51302,943,1,666,1,1,1,At-risk
JL-51303,198,7,3787,2,3,4,Loyal
JL-51751,125,1,691,2,1,1,At-risk
JL-51752,128,4,662,2,2,1,At-risk
JL-52351,772,1,1186,1,1,2,At-risk
JL-52352,2,3,566,4,1,1,Recent
JL-55051,687,1,927,1,1,2,At-risk
JL-55052,342,2,1803,1,1,2,At-risk
JL-58351,55,4,731,3,2,2,Recent
JL-58352,708,3,2657,1,1,3,At-risk
JL-58501,698,2,599,1,1,1,At-risk
JL-58502,787,2,1405,1,1,2,At-risk
JM-152501,36,8,8163,4,4,4,High-value
JM-152502,42,4,3565,3,2,3,Recent
JM-152503,73,6,708,3,3,1,Loyal
JM-152504,38,6,3158,4,3,3,High-value
JM-152651,54,11,8818,3,4,4,High-value
JM-152652,385,6,1096,1,3,2,At-risk
JM-152653,183,7,3318,2,3,3,Loyal
JM-152654,38,5,1804,4,3,2,Loyal
JM-155351,24,7,3973,4,3,4,High-value
JM-155352,15,5,1201,4,3,2,Loyal
JM-155353,906,1,35,1,1,1,At-risk
JM-155354,103,7,1733,3,3,2,Loyal
JM-155801,416,8,4838,1,4,4,Loyal
JM-155802,133,5,2108,2,3,3,Loyal
JM-155803,120,6,6050,2,3,4,Loyal
JM-155804,1,5,305,4,3,1,Loyal
JM-156551,216,10,5566,2,4,4,High-value
JM-156552,159,8,6473,2,4,4,High-value
JM-156553,48,11,3393,3,4,3,High-value
JM-156554,9,5,865,4,3,2,Loyal
JM-158651,69,6,4020,3,3,4,High-value
JM-158652,192,11,6585,2,4,4,High-value
JM-158653,183,5,2613,2,3,3,Loyal
JM-158654,110,7,7624,2,3,4,Loyal
JM-161951,203,8,2539,2,4,3,Loyal
JM-161952,436,4,336,1,2,1,At-risk
JM-161953,294,3,2117,1,1,3,At-risk
JM-161954,58,10,2834,3,4,3,High-value
JM-52501,7,3,1956,4,1,3,Recent
JM-52502,135,2,467,2,1,1,At-risk
JM-52651,258,3,708,2,1,1,At-risk
JM-52652,121,1,424,2,1,1,At-risk
JM-55351,244,2,73,2,1,1,At-risk
JM-55352,640,3,774,1,1,2,At-risk
JM-55801,50,3,715,3,1,1,Recent
JM-55802,70,2,165,3,1,1,Recent
JM-56551,123,6,2336,2,3,3,Loyal
JM-56552,513,1,1164,1,1,2,At-risk
JM-56553,464,1,102,1,1,1,At-risk
JM-58651,71,4,697,3,2,1,Recent
JM-58652,764,1,349,1,1,1,At-risk
JM-58653,162,1,498,2,1,1,At-risk
JM-61951,118,3,535,2,1,1,At-risk
JM-61952,13,5,666,4,3,1,Loyal
JO-151451,70,4,2538,3,2,3,Recent
JO-151452,276,7,4024,1,3,4,Loyal
JO-151453,91,3,624,3,1,1,Recent
JO-151454,58,9,3257,3,4,3,High-value
JO-152801,15,7,2069,4,3,3,High-value
JO-152802,401,1,886,1,1,2,At-risk
JO-152803,211,7,2234,2,3,3,Loyal
JO-152804,93,6,1934,3,3,3,Loyal
JO-155501,72,5,1106,3,3,2,Loyal
JO-155502,133,4,756,2,2,2,At-risk
JO-155503,139,5,1050,2,3,2,Loyal
JO-155504,216,5,1092,2,3,2,Loyal
JO-51451,260,3,2255,2,1,3,At-risk
JO-51452,6,3,650,4,1,1,Recent
JO-52801,20,4,1696,4,2,2,Recent
JO-55501,13,4,1880,4,2,2,Recent
JO-55502,78,5,2325,3,3,3,Loyal
JP-154601,81,6,4266,3,3,4,High-value
JP-154602,311,7,3163,1,3,3,Loyal
JP-154603,37,6,1818,4,3,2,Loyal
JP-154604,38,7,1669,4,3,2,Loyal
JP-155201,147,4,3872,2,2,4,Loyal
JP-155202,206,7,4867,2,3,4,Loyal
JP-155203,63,8,4055,3,4,4,High-value
JP-155204,9,7,3638,4,3,3,High-value
JP-161351,57,11,4659,3,4,4,High-value
JP-161352,192,10,2948,2,4,3,Loyal
JP-161353,44,4,849,3,2,2,Recent
JP-161354,103,9,1706,3,4,2,Loyal
JP-54601,387,1,113,1,1,1,At-risk
JP-54602,189,1,503,2,1,1,At-risk
JP-54603,420,8,2680,1,4,3,Loyal
JP-55201,584,1,1213,1,1,2,At-risk
JP-55202,644,1,133,1,1,1,At-risk
JP-55203,113,2,881,2,1,2,At-risk
JP-61351,87,3,231,3,1,1,Recent
JP-61352,27,5,4201,4,3,4,High-value
JR-156701,582,5,5919,1,3,4,Loyal
JR-156702,13,8,3510,4,4,3,High-value
JR-156703,234,5,2753,2,3,3,Loyal
JR-156704,594,2,1157,1,1,2,At-risk
JR-157001,71,6,5295,3,3,4,High-value
JR-157002,8,3,1538,4,1,2,Recent
JR-157003,80,8,1873,3,4,2,Loyal
JR-157004,69,1,864,3,1,2,Recent
JR-162101,66,5,6360,3,3,4,High-value
JR-162102,19,7,1888,4,3,2,Loyal
JR-162103,106,4,2141,3,2,3,Recent
JR-162104,34,5,2202,4,3,3,High-value
JR-56701,602,2,1480,1,1,2,At-risk
JR-56702,129,4,1106,2,2,2,At-risk
JR-57001,14,3,1409,4,1,2,Recent
JR-57002,416,3,263,1,1,1,At-risk
JR-62101,38,3,617,4,1,1,Recent
JR-62102,499,1,169,1,1,1,At-risk
JR-62103,563,2,248,1,1,1,At-risk
JS-155951,159,4,5975,2,2,4,Loyal
JS-155952,48,6,1099,3,3,2,Loyal
JS-155953,6,4,845,4,2,2,Recent
JS-155954,120,4,1418,2,2,2,At-risk
JS-156851,41,7,7329,4,3,4,High-value
JS-156852,193,7,1746,2,3,2,Loyal
JS-156853,156,8,4132,2,4,4,High-value
JS-156854,43,4,1130,3,2,2,Recent
JS-158801,146,6,3345,2,3,3,Loyal
JS-158802,12,6,2373,4,3,3,High-value
JS-158803,199,3,858,2,1,2,At-risk
JS-158804,535,5,3868,1,3,4,Loyal
JS-159401,1080,1,22,1,1,1,At-risk
JS-159402,6,5,2143,4,3,3,High-value
JS-159403,239,4,1243,2,2,2,At-risk
JS-159404,464,5,471,1,3,1,At-risk
JS-160301,147,14,13219,2,4,4,High-value
JS-160302,141,7,1146,2,3,2,Loyal
JS-160303,22,5,2337,4,3,3,High-value
JS-160304,29,6,2519,4,3,3,High-value
JS-55951,1031,2,59,1,1,1,At-risk
JS-55952,1218,1,138,1,1,1,At-risk
JS-55953,680,3,608,1,1,1,At-risk
JS-56851,143,2,263,2,1,1,At-risk
JS-56852,276,3,1681,1,1,2,At-risk
JS-58801,209,3,973,2,1,2,At-risk
JS-58802,300,3,772,1,1,2,At-risk
JS-59401,135,3,755,2,1,2,At-risk
JS-59402,24,1,17,4,1,1,Recent
JS-59403,202,9,2158,2,4,3,Loyal
JS-60301,219,2,1122,2,1,2,At-risk
JS-60302,703,1,431,1,1,1,At-risk
JS-60303,870,1,19,1,1,1,At-risk
JW-152201,13,11,7827,4,4,4,High-value
JW-152202,15,12,6622,4,4,4,High-value
JW-152203,17,5,933,4,3,2,Loyal
JW-152204,43,6,7722,3,3,4,High-value
JW-159551,82,8,4628,3,4,4,High-value
JW-159552,125,8,4086,2,4,4,High-value
JW-159553,133,7,683,2,3,1,At-risk
JW-159554,6,7,1245,4,3,2,Loyal
JW-160751,2,9,7352,4,4,4,High-value
JW-160752,117,7,8113,2,3,4,Loyal
JW-160753,261,5,2959,2,3,3,Loyal
JW-160754,462,4,1428,1,2,2,At-risk
JW-52201,187,2,6173,2,1,4,Loyal
JW-52202,101,4,1011,3,2,2,Recent
JW-59551,927,1,249,1,1,1,At-risk
JW-59552,107,1,58,3,1,1,Recent
JW-60751,631,3,644,1,1,1,At-risk
JW-60752,267,1,102,2,1,1,At-risk
KA-165251,30,12,5763,4,4,4,High-value
KA-165252,17,9,7125,4,4,4,High-value
KA-165253,42,7,3039,3,3,3,Loyal
KA-165254,37,7,1520,4,3,2,Loyal
KA-65251,292,4,407,1,2,1,At-risk
KA-65252,94,3,1022,3,1,2,Recent
KB-162401,97,5,2930,3,3,3,Loyal
KB-162402,34,8,1158,4,4,2,High-value
KB-162403,6,7,2661,4,3,3,High-value
KB-162404,5,7,3152,4,3,3,High-value
KB-163151,3,8,5181,4,4,4,High-value
KB-163152,69,7,3956,3,3,4,High-value
KB-163153,933,5,3834,1,3,4,Loyal
KB-163154,297,9,1568,1,4,2,Loyal
KB-164051,20,11,6075,4,4,4,High-value
KB-164052,96,6,5858,3,3,4,High-value
KB-164053,42,8,946,3,4,2,Loyal
KB-164054,118,3,909,2,1,2,At-risk
KB-165851,253,6,8274,2,3,4,Loyal
KB-165852,94,5,4440,3,3,4,High-value
KB-165853,541,4,926,1,2,2,At-risk
KB-165854,231,12,2745,2,4,3,Loyal
KB-166001,87,8,5897,3,4,4,High-value
KB-166002,87,4,598,3,2,1,Recent
KB-166003,2,6,2818,4,3,3,High-value
KB-166004,2,7,984,4,3,2,Loyal
KB-62401,318,3,868,1,1,2,At-risk
KB-62402,202,4,1077,2,2,2,At-risk
KB-63151,392,5,1109,1,3,2,At-risk
KB-63152,23,6,1846,4,3,2,Loyal
KB-64051,388,3,239,1,1,1,At-risk
KB-65851,372,2,217,1,1,1,At-risk
KB-66001,10,6,608,4,3,1,Loyal
KB-66002,856,1,29,1,1,1,At-risk
KB-66003,64,4,531,3,2,1,Recent
KC-162551,62,8,3037,3,4,3,High-value
KC-162552,45,3,1439,3,1,2,Recent
KC-162553,62,10,2725,3,4,3,High-value
KC-162554,408,6,2122,1,3,3,Loyal
KC-165401,43,6,6689,3,3,4,High-value
KC-165402,42,6,1721,3,3,2,Loyal
KC-165403,54,9,6577,3,4,4,High-value
KC-165404,98,4,3908,3,2,4,Recent
KC-166751,3,4,1752,4,2,2,Recent
KC-166752,100,8,7362,3,4,4,High-value
KC-166753,300,7,3272,1,3,3,Loyal
KC-166754,58,4,1145,3,2,2,Recent
KC-62551,540,3,698,1,1,1,At-risk
KC-62552,58,5,395,3,3,1,Loyal
KC-65401,38,3,175,4,1,1,Recent
KC-65402,34,4,331,4,2,1,Recent
KC-66751,721,1,19,1,1,1,At-risk
KC-66752,20,2,373,4,1,1,Recent
KD-162701,37,9,7873,4,4,4,High-value
KD-162702,107,7,3562,3,3,3,Loyal
KD-162703,40,8,3488,4,4,3,High-value
KD-162704,485,5,8282,1,3,4,Loyal
KD-163451,210,4,5411,2,2,4,Loyal
KD-163452,132,4,3658,2,2,3,Loyal
KD-163453,1393,1,201,1,1,1,At-risk
KD-163454,42,6,1889,3,3,2,Loyal
KD-164951,47,10,9576,3,4,4,High-value
KD-164952,56,10,5900,3,4,4,High-value
KD-164953,239,4,1336,2,2,2,At-risk
KD-164954,113,12,8184,2,4,4,High-value
KD-166151,444,4,1042,1,2,2,At-risk
KD-166152,126,7,6685,2,3,4,Loyal
KD-166153,76,8,2376,3,4,3,High-value
KD-166154,290,5,2245,1,3,3,Loyal
KD-62701,812,1,813,1,1,2,At-risk
KD-63451,58,4,364,3,2,1,Recent
KD-63452,76,2,173,3,1,1,Recent
KD-64951,399,2,938,1,1,2,At-risk
KD-64952,713,2,517,1,1,1,At-risk
KD-66151,187,3,205,2,1,1,At-risk
KE-164201,150,13,3589,2,4,3,Loyal
KE-164202,427,4,1983,1,2,3,At-risk
KE-164203,117,6,5671,2,3,4,Loyal
KE-164204,27,8,1686,4,4,2,High-value
KE-64201,252,3,573,2,1,1,At-risk
KE-64202,1281,1,51,1,1,1,At-risk
KF-162851,49,3,2166,3,1,3,Recent
KF-162852,38,6,1326,4,3,2,Loyal
KF-162853,479,5,1070,1,3,2,At-risk
KF-162854,98,7,10606,3,3,4,High-value
KF-62851,776,3,291,1,1,1,At-risk
KF-62852,33,6,2808,4,3,3,High-value
KH-163301,17,11,9625,4,4,4,High-value
KH-163302,437,4,1544,1,2,2,At-risk
KH-163303,426,3,563,1,1,1,At-risk
KH-163304,41,8,3313,4,4,3,High-value
KH-163601,51,8,4062,3,4,4,High-value
KH-163602,175,4,864,2,2,2,At-risk
KH-163603,6,10,1958,4,4,3,High-value
KH-163604,2,6,3102,4,3,3,High-value
KH-165101,145,8,6705,2,4,4,High-value
KH-165102,37,7,1409,4,3,2,Loyal
KH-165103,226,4,1277,2,2,2,At-risk
KH-165104,23,7,5954,4,3,4,High-value
KH-166301,44,4,274,3,2,1,Recent
KH-166302,9,8,1434,4,4,2,High-value
KH-166303,28,6,1597,4,3,2,Loyal
KH-166304,59,9,3920,3,4,4,High-value
KH-166901,134,11,4562,2,4,4,High-value
KH-166902,103,14,4761,3,4,4,High-value
KH-166903,36,7,2844,4,3,3,High-value
KH-166904,3,7,5991,4,3,4,High-value
KH-63301,103,6,1311,3,3,2,Loyal
KH-63302,20,7,2058,4,3,3,High-value
KH-63601,119,4,1616,2,2,2,At-risk
KH-63602,101,3,608,3,1,1,Recent
KH-65101,16,5,1473,4,3,2,Loyal
KH-65102,502,2,72,1,1,1,At-risk
KH-66301,938,1,340,1,1,1,At-risk
KH-66302,327,4,1456,1,2,2,At-risk
KH-66901,239,3,405,2,1,1,At-risk
KH-66902,1272,1,52,1,1,1,At-risk
KH-66903,269,3,1241,2,1,2,At-risk
KL-165551,16,5,1796,4,3,2,Loyal
KL-165552,122,7,2771,2,3,3,Loyal
KL-165553,86,6,2480,3,3,3,Loyal
KL-165554,17,8,5019,4,4,4,High-value
KL-166451,168,5,3364,2,3,3,Loyal
KL-166452,129,7,4556,2,3,4,Loyal
KL-166453,127,4,457,2,2,1,At-risk
KL-166454,48,12,14175,3,4,4,High-value
KL-65551,206,4,1401,2,2,2,At-risk
KL-65552,176,3,781,2,1,2,At-risk
KL-66451,1,3,1340,4,1,2,Recent
KL-66452,147,2,235,2,1,1,At-risk
KM-162251,1,8,5006,4,4,4,High-value
KM-162252,163,2,203,2,1,1,At-risk
KM-162253,230,2,282,2,1,1,At-risk
KM-162254,15,6,2261,4,3,3,High-value
KM-163751,28,4,2191,4,2,3,Recent
KM-163752,111,8,6772,2,4,4,High-value
KM-163753,3,8,1813,4,4,2,High-value
KM-163754,57,8,5622,3,4,4,High-value
KM-166601,49,12,6362,3,4,4,High-value
KM-166602,114,7,3059,2,3,3,Loyal
KM-166603,323,5,909,1,3,2,At-risk
KM-166604,16,5,454,4,3,1,Loyal
KM-167201,115,3,5084,2,1,4,Loyal
KM-167202,343,5,2368,1,3,3,Loyal
KM-167203,108,7,1678,3,3,2,Loyal
KM-167204,29,8,4910,4,4,4,High-value
KM-62251,372,1,7,1,1,1,At-risk
KM-62252,491,2,884,1,1,2,At-risk
KM-63751,325,2,1355,1,1,2,At-risk
KM-63752,566,1,197,1,1,1,At-risk
KM-63753,322,2,572,1,1,1,At-risk
KM-66601,31,1,19,4,1,1,Recent
KM-66602,84,2,170,3,1,1,Recent
KM-67201,350,3,2928,1,1,3,At-risk
KN-163901,209,9,6633,2,4,4,High-value
KN-163902,150,5,7376,2,3,4,Loyal
KN-163903,63,6,2724,3,3,3,Loyal
KN-163904,20,9,2618,4,4,3,High-value
KN-164501,38,10,8187,4,4,4,High-value
KN-164502,101,7,1685,3,3,2,Loyal
KN-164503,387,4,4252,1,2,4,Loyal
KN-164504,53,5,2171,3,3,3,Loyal
KN-167051,387,4,2614,1,2,3,At-risk
KN-167052,1113,3,548,1,1,1,At-risk
KN-167053,664,4,441,1,2,1,At-risk
KN-167054,99,8,2280,3,4,3,High-value
KN-63901,756,1,117,1,1,1,At-risk
KN-63902,274,2,201,1,1,1,At-risk
KN-64501,94,6,1221,3,3,2,Loyal
KN-64502,121,2,548,2,1,1,At-risk
KN-67051,1291,1,318,1,1,1,At-risk
KN-67052,124,4,4514,2,2,4,Loyal
KS-163001,441,5,1979,1,3,3,Loyal
KS-163002,36,7,2051,4,3,3,High-value
KS-163003,307,6,984,1,3,2,At-risk
KS-163004,296,3,89,1,1,1,At-risk
KS-63001,472,3,113,1,2,1,At-risk
KS-63002,107,1,109,3,1,1,Recent
KT-164651,98,9,4421,3,4,4,High-value
KT-164652,44,5,796,3,3,2,Loyal
KT-164653,69,11,7450,3,4,4,High-value
KT-164654,392,7,3058,1,3,3,Loyal
KT-164801,28,5,1271,4,3,2,Loyal
KT-164802,135,3,159,2,2,1,At-risk
KT-164803,546,2,170,1,1,1,At-risk
KT-164804,101,10,4642,3,4,4,High-value
KT-64651,1135,2,939,1,1,2,At-risk
KT-64652,106,1,48,3,1,1,Recent
KT-64653,185,4,545,2,2,1,At-risk
KT-64801,148,5,1720,2,3,2,Loyal
KT-64802,85,2,400,3,1,1,Recent
KW-164351,27,3,1409,4,2,2,Recent
KW-164352,269,10,7658,2,4,4,High-value
KW-164353,83,5,1835,3,3,2,Loyal
KW-164354,97,5,4418,3,3,4,High-value
KW-165701,23,12,5505,4,4,4,High-value
KW-165702,125,6,1717,2,3,2,Loyal
KW-165703,112,12,1585,2,4,2,Loyal
KW-165704,772,4,449,1,2,1,At-risk
KW-64351,148,4,427,2,2,1,At-risk
KW-65701,49,2,549,3,1,1,Recent
KW-65702,240,4,2028,2,2,3,Loyal
LA-167801,128,12,8091,2,4,4,High-value
LA-167802,14,9,6678,4,4,4,High-value
LA-167803,84,2,832,3,1,2,Recent
LA-167804,155,11,8674,2,4,4,High-value
LA-67801,79,3,559,3,2,1,Recent
LA-67802,2,9,3030,4,4,3,High-value
LB-167351,573,4,2161,1,2,3,At-risk
LB-167352,10,8,1780,4,4,2,High-value
LB-167353,44,14,8694,3,4,4,High-value
LB-167354,49,3,50,3,2,1,Recent
LB-167951,224,9,8487,2,4,4,High-value
LB-167952,40,6,8613,4,3,4,High-value
LB-167953,48,8,2504,3,4,3,High-value
LB-167954,153,8,4986,2,4,4,High-value
LB-67351,138,3,743,2,2,2,At-risk
LB-67352,920,1,114,1,1,1,At-risk
LB-67353,156,3,1041,2,2,2,At-risk
LB-67951,104,3,247,3,2,1,Recent
LB-67952,57,5,1550,3,3,2,Loyal
LC-168701,215,6,4570,2,3,4,Loyal
LC-168702,495,3,1392,1,2,2,At-risk
LC-168703,106,4,1317,3,2,2,Recent
LC-168704,28,8,2579,4,4,3,High-value
LC-168851,141,8,4867,2,4,4,High-value
LC-168852,290,4,1506,1,2,2,At-risk
LC-168853,41,5,3025,4,3,3,High-value
LC-168854,17,12,7662,4,4,4,High-value
LC-169301,106,7,2629,3,3,3,Loyal
LC-169302,50,7,2689,3,3,3,Loyal
LC-169303,54,4,1848,3,2,2,Recent
LC-169304,42,8,4492,3,4,4,High-value
LC-169601,80,5,4611,3,3,4,High-value
LC-169602,62,8,3477,3,4,3,High-value
LC-169603,3,5,478,4,3,1,Loyal
LC-169604,437,4,3247,1,2,3,At-risk
LC-170501,108,5,1780,3,3,2,Loyal
LC-170502,5,6,4298,4,3,4,High-value
LC-170503,108,7,4760,3,3,4,High-value
LC-170504,55,5,2096,3,3,3,Loyal
LC-171401,14,5,2287,4,3,3,High-value
LC-171402,47,8,6100,3,4,4,High-value
LC-171403,45,8,2106,3,4,3,High-value
LC-171404,14,9,2633,4,4,3,High-value
LC-68701,105,2,294,3,1,1,Recent
LC-68702,24,6,926,4,3,2,Loyal
LC-68851,210,7,1711,2,3,2,Loyal
LC-68852,769,1,95,1,1,1,At-risk
LC-68853,652,1,23,1,1,1,At-risk
LC-69301,72,6,3984,3,3,4,High-value
LC-69302,292,3,1096,1,2,2,At-risk
LC-69601,413,4,1905,1,2,3,At-risk
LC-69602,192,4,583,2,2,1,At-risk
LC-70501,8,5,1909,4,3,3,High-value
LC-70502,7,2,5284,4,1,4,Recent
LC-71401,264,1,1309,2,1,2,At-risk
LC-71402,1157,1,922,1,1,2,At-risk
LC-71403,17,4,725,4,2,1,Recent
LD-168551,364,7,1475,1,3,2,At-risk
LD-168552,105,9,8109,3,4,4,High-value
LD-168553,43,13,3770,3,4,4,High-value
LD-168554,553,1,5,1,1,1,At-risk
LD-170051,85,9,5389,3,4,4,High-value
LD-170052,120,8,1956,2,4,3,Loyal
LD-170053,50,6,2154,3,3,3,Loyal
LD-170054,415,4,1963,1,2,3,At-risk
LD-68551,81,5,1703,3,3,2,Loyal
LD-68552,155,3,1119,2,2,2,At-risk
LD-70051,1211,1,61,1,1,1,At-risk
LD-70052,44,1,19,3,1,1,Recent
LD-70053,486,4,282,1,2,1,At-risk
LE-168101,15,9,2499,4,4,3,High-value
LE-168102,82,8,5938,3,4,4,High-value
LE-168103,295,1,521,1,1,1,At-risk
LE-168104,22,6,1469,4,3,2,Loyal
LE-68101,64,6,1050,3,3,2,Loyal
LF-171851,50,5,3870,3,3,4,High-value
LF-171852,34,8,4989,4,4,4,High-value
LF-171853,476,2,76,1,1,1,At-risk
LF-171854,23,7,3931,4,3,4,High-value
LF-71851,785,2,351,1,1,1,At-risk
LF-71852,178,3,205,2,2,1,At-risk
LH-167501,48,4,646,3,2,1,Recent
LH-167502,444,2,842,1,1,2,At-risk
LH-167503,13,13,6172,4,4,4,High-value
LH-167504,152,3,288,2,2,1,At-risk
LH-169001,175,9,5730,2,4,4,High-value
LH-169002,139,4,689,2,2,1,At-risk
LH-169003,177,7,3384,2,3,3,Loyal
LH-169004,22,9,2298,4,4,3,High-value
LH-170201,199,3,2632,2,2,3,Loyal
LH-170202,210,4,1361,2,2,2,At-risk
LH-170203,42,7,3880,3,3,4,High-value
LH-170204,240,4,318,2,2,1,At-risk
LH-171551,76,14,5667,3,4,4,High-value
LH-171552,573,4,6577,1,2,4,Loyal
LH-171553,735,2,78,1,1,1,At-risk
LH-171554,386,9,1740,1,4,2,Loyal
LH-67501,758,2,312,1,1,1,At-risk
LH-67502,126,3,433,2,2,1,At-risk
LH-69001,307,2,815,1,1,2,At-risk
LH-69002,1329,1,25,1,1,1,At-risk
LH-70201,59,2,969,3,1,2,Recent
LH-70202,1046,1,4,1,1,1,At-risk
LH-71551,250,1,137,2,1,1,At-risk
LH-71552,850,1,152,1,1,1,At-risk
LH-71553,128,6,2937,2,3,3,Loyal
LL-168401,118,5,2678,2,3,3,Loyal
LL-168402,212,8,4256,2,4,4,High-value
LL-168403,27,7,1613,4,3,2,Loyal
LL-168404,250,6,2740,2,3,3,Loyal
LL-68401,36,4,3082,4,2,3,Recent
LL-68402,43,5,570,3,3,1,Loyal
LM-170651,85,7,5588,3,3,4,High-value
LM-170652,390,2,1687,1,1,2,At-risk
LM-170653,191,4,628,2,2,1,At-risk
LM-170654,392,5,1347,1,3,2,At-risk
LM-70651,56,3,1616,3,2,2,Recent
LM-70652,8,1,4665,4,1,4,Recent
LO-171701,47,8,4683,3,4,4,High-value
LO-171702,115,10,3470,2,4,3,Loyal
LO-171703,120,5,2462,2,3,3,Loyal
LO-171704,3,5,644,4,3,1,Loyal
LO-71701,5,4,1349,4,2,2,Recent
LO-71702,99,3,933,3,2,2,Recent
LP-170801,76,5,2949,3,3,3,Loyal
LP-170802,56,7,1128,3,3,2,Loyal
LP-170803,231,8,2799,2,4,3,Loyal
LP-170804,41,4,757,4,2,2,Recent
LP-170951,78,8,4733,3,4,4,High-value
LP-170952,363,4,1493,1,2,2,At-risk
LP-170953,20,7,5720,4,3,4,High-value
LP-170954,10,7,3654,4,3,3,High-value
LP-70801,244,4,1625,2,2,2,At-risk
LP-70802,185,3,207,2,2,1,At-risk
LP-70951,1,1,4,4,1,1,Recent
LP-70952,577,1,238,1,1,1,At-risk
LP-70953,117,2,769,2,1,2,At-risk
LR-169151,244,5,6098,2,3,4,Loyal
LR-169152,133,8,8429,2,4,4,High-value
LR-169153,150,7,2765,2,3,3,Loyal
LR-169154,27,6,5143,4,3,4,High-value
LR-170351,55,6,4601,3,3,4,High-value
LR-170352,251,7,5989,2,3,4,Loyal
LR-170353,46,8,3652,3,4,3,High-value
LR-170354,133,5,1880,2,3,2,Loyal
LR-69151,1246,1,49,1,1,1,At-risk
LR-69152,685,2,419,1,1,1,At-risk
LR-70351,107,6,1864,3,3,2,Loyal
LR-70352,146,3,813,2,2,2,At-risk
LS-169451,221,4,4275,2,2,4,Loyal
LS-169452,28,5,1979,4,3,3,High-value
LS-169453,83,5,1321,3,3,2,Loyal
LS-169454,179,6,2845,2,3,3,Loyal
LS-169751,251,4,1977,2,2,3,Loyal
LS-169752,54,3,1123,3,2,2,Recent
LS-169753,64,6,2560,3,3,3,Loyal
LS-169754,21,9,2989,4,4,3,High-value
LS-172001,16,8,4036,4,4,4,High-value
LS-172002,416,3,3216,1,2,3,At-risk
LS-172003,76,7,6997,3,3,4,High-value
LS-172004,97,6,1009,3,3,2,Loyal
LS-172301,5,9,5888,4,4,4,High-value
LS-172302,211,6,2369,2,3,3,Loyal
LS-172303,191,6,1949,2,3,3,Loyal
LS-172304,778,3,368,1,2,1,At-risk
LS-172451,225,7,3639,2,3,3,Loyal
LS-172452,334,3,893,1,2,2,At-risk
LS-172453,51,8,5219,3,4,4,High-value
LS-172454,35,6,1007,4,3,2,Loyal
LS-69451,191,5,1321,2,3,2,Loyal
LS-69452,610,1,194,1,1,1,At-risk
LS-69453,7,6,1210,4,3,2,Loyal
LS-69751,179,3,217,2,2,1,At-risk
LS-69752,313,1,451,1,1,1,At-risk
LS-69753,841,1,49,1,1,1,At-risk
LS-72001,384,4,341,1,2,1,At-risk
LS-72301,275,4,505,1,2,1,At-risk
LS-72302,100,6,660,3,3,1,Loyal
LS-72451,374,4,915,1,2,2,At-risk
LS-72452,218,2,40,2,1,1,At-risk
LT-167651,7,10,7225,4,4,4,High-value
LT-167652,139,6,4891,2,3,4,Loyal
LT-167653,72,11,4808,3,4,4,High-value
LT-167654,27,3,330,4,2,1,Recent
LT-171101,212,8,4690,2,4,4,High-value
LT-171102,55,7,4197,3,3,4,High-value
LT-171103,286,3,1163,1,2,2,At-risk
LT-171104,35,8,2935,4,4,3,High-value
LT-67651,615,2,1279,1,1,2,At-risk
LT-67652,9,1,29,4,1,1,Recent
LT-67653,721,1,57,1,1,1,At-risk
LT-71101,56,4,7853,3,2,4,Recent
LT-71102,78,2,379,3,1,1,Recent
LW-168251,63,8,2026,3,4,3,High-value
LW-168252,23,5,5260,4,3,4,High-value
LW-168253,133,2,469,2,1,1,At-risk
LW-168254,89,5,2239,3,3,3,Loyal
LW-169901,576,4,1151,1,2,2,At-risk
LW-169902,132,7,4275,2,3,4,Loyal
LW-169903,24,6,456,4,3,1,Loyal
LW-169904,34,6,3232,4,3,3,High-value
LW-171251,526,1,529,1,1,1,At-risk
LW-171252,56,9,2329,3,4,3,High-value
LW-171253,42,3,1252,3,2,2,Recent
LW-171254,206,3,1259,2,2,2,At-risk
LW-172151,44,8,2914,3,4,3,High-value
LW-172152,276,4,404,1,2,1,At-risk
LW-172153,244,5,1789,2,3,2,Loyal
LW-172154,22,7,5422,4,3,4,High-value
LW-68251,57,5,329,3,3,1,Loyal
LW-68252,33,6,550,4,3,1,Loyal
LW-69901,24,3,172,4,2,1,Recent
LW-69902,15,8,1696,4,4,2,High-value
LW-71251,34,5,2012,4,3,3,High-value
LW-71252,203,4,664,2,2,1,At-risk
LW-72151,133,3,896,2,2,2,At-risk
LW-72152,313,1,277,1,1,1,At-risk
LW-72153,469,1,349,1,1,1,At-risk
MA-175601,218,5,1209,2,3,2,Loyal
MA-175602,129,4,2823,2,2,3,Loyal
MA-175603,104,4,2486,3,2,3,Recent
MA-175604,65,11,4300,3,4,4,High-value
MA-179951,120,6,4311,2,3,4,Loyal
MA-179952,123,4,1634,2,2,2,At-risk
MA-179953,43,6,1607,3,3,2,Loyal
MA-179954,187,6,2453,2,3,3,Loyal
MA-75601,233,1,559,2,1,1,At-risk
MA-75602,861,3,1070,1,2,2,At-risk
MA-79951,356,8,1558,1,4,2,Loyal
MA-79952,139,1,130,2,1,1,At-risk
MA-79953,17,2,240,4,1,1,Recent
MB-173051,191,4,7524,2,2,4,Loyal
MB-173052,2,10,5086,4,4,4,High-value
MB-173053,106,3,2573,3,2,3,Recent
MB-173054,49,10,1547,3,4,2,Loyal
MB-180851,113,4,6116,2,2,4,Loyal
MB-180852,105,9,1735,3,4,2,Loyal
MB-180853,84,10,5466,3,4,4,High-value
MB-180854,45,7,1429,3,3,2,Loyal
MB-73051,202,4,4215,2,2,4,Loyal
MB-73052,23,4,662,4,2,1,Recent
MB-80851,12,2,139,4,1,1,Recent
MB-80852,92,6,1566,3,3,2,Loyal
MC-172751,45,9,2443,3,4,3,High-value
MC-172752,108,9,2843,3,4,3,High-value
MC-172753,143,8,3672,2,4,3,Loyal
MC-172754,77,8,2727,3,4,3,High-value
MC-174251,24,10,4780,4,4,4,High-value
MC-174252,442,4,526,1,2,1,At-risk
MC-174253,66,11,5317,3,4,4,High-value
MC-174254,400,5,4433,1,3,4,Loyal
MC-175751,63,9,7467,3,4,4,High-value
MC-175752,140,6,2352,2,3,3,Loyal
MC-175753,32,10,3154,4,4,3,High-value
MC-175754,28,8,1304,4,4,2,High-value
MC-175901,203,1,2445,2,1,3,At-risk
MC-175902,408,7,2191,1,3,3,Loyal
MC-175903,71,11,3057,3,4,3,High-value
MC-175904,52,6,2427,3,3,3,Loyal
MC-176051,57,4,2942,3,2,3,Recent
MC-176052,470,6,3719,1,3,3,Loyal
MC-176053,50,8,4103,3,4,4,High-value
MC-176054,113,8,2258,2,4,3,Loyal
MC-176351,36,10,7576,4,4,4,High-value
MC-176352,321,7,2615,1,3,3,Loyal
MC-176353,6,13,10126,4,4,4,High-value
MC-176354,190,4,795,2,2,2,At-risk
MC-178451,9,10,6969,4,4,4,High-value
MC-178452,16,5,1717,4,3,2,Loyal
MC-178453,71,9,2456,3,4,3,High-value
MC-178454,2,7,3805,4,3,4,High-value
MC-181001,62,8,3397,3,4,3,High-value
MC-181002,124,9,3957,2,4,4,High-value
MC-181003,43,6,1781,3,3,2,Loyal
MC-181004,42,10,2220,3,4,3,High-value
MC-181301,241,4,790,2,2,2,At-risk
MC-181302,276,3,3277,1,2,3,At-risk
MC-181303,52,11,2881,3,4,3,High-value
MC-181304,370,5,1582,1,3,2,At-risk
MC-72751,236,3,1324,2,2,2,At-risk
MC-72752,373,2,2979,1,1,3,At-risk
MC-74251,36,4,1381,4,2,2,Recent
MC-74252,110,1,111,2,1,1,At-risk
MC-75751,10,3,761,4,2,2,Recent
MC-75752,44,5,2859,3,3,3,Loyal
MC-75901,337,2,481,1,1,1,At-risk
MC-75902,1029,1,1073,1,1,2,At-risk
MC-76051,1275,1,18,1,1,1,At-risk
MC-76052,196,1,190,2,1,1,At-risk
MC-76351,905,2,634,1,1,1,At-risk
MC-76352,665,2,59,1,1,1,At-risk
MC-78451,363,2,384,1,1,1,At-risk
MC-78452,35,2,608,4,1,1,Recent
MC-81001,105,3,659,3,2,1,Recent
MC-81301,288,2,345,1,1,1,At-risk
MC-81302,713,3,480,1,2,1,At-risk
MD-173501,99,6,2062,3,3,3,Loyal
MD-173502,340,4,970,1,2,2,At-risk
MD-173503,27,13,9657,4,4,4,High-value
MD-173504,118,7,3766,2,3,4,Loyal
MD-178601,156,9,9590,2,4,4,High-value
MD-178602,259,9,2689,2,4,3,Loyal
MD-178603,77,5,2090,3,3,3,Loyal
MD-178604,37,5,1203,4,3,2,Loyal
MD-73501,237,3,732,2,2,2,At-risk
MD-73502,468,1,26,1,1,1,At-risk
MD-73503,83,2,616,3,1,1,Recent
MD-78601,104,5,6855,3,3,4,High-value
ME-173201,6,6,5608,4,3,4,High-value
ME-173202,55,10,6977,3,4,4,High-value
ME-173203,14,4,1281,4,2,2,Recent
ME-173204,43,10,10665,3,4,4,High-value
ME-177251,62,9,3465,3,4,3,High-value
ME-177252,275,3,801,1,2,2,At-risk
ME-177253,166,8,1666,2,4,2,Loyal
ME-177254,29,8,1908,4,4,3,High-value
ME-180101,428,6,1520,1,3,2,At-risk
ME-180102,43,11,5882,3,4,4,High-value
ME-180103,71,6,1888,3,3,2,Loyal
ME-180104,93,4,1257,3,2,2,Recent
ME-73201,205,4,419,2,2,1,At-risk
ME-73202,21,6,1302,4,3,2,Loyal
ME-77251,12,4,514,4,2,1,Recent
ME-77252,324,1,204,1,1,1,At-risk
ME-77253,14,6,1366,4,3,2,Loyal
ME-80101,393,1,161,1,1,1,At-risk
MF-176651,242,7,4636,2,3,4,Loyal
MF-176652,52,10,4860,3,4,4,High-value
MF-176653,63,7,2935,3,3,3,Loyal
MF-176654,422,5,936,1,3,2,At-risk
MF-182501,211,8,6176,2,4,4,High-value
MF-182502,40,13,9618,4,4,4,High-value
MF-182503,78,6,2874,3,3,3,Loyal
MF-182504,8,5,1759,4,3,2,Loyal
MF-76651,49,2,58,3,1,1,Recent
MF-76652,1156,1,104,1,1,1,At-risk
MF-82501,702,1,25,1,1,1,At-risk
MF-82502,63,5,1492,3,3,2,Loyal
MG-176501,20,5,4904,4,3,4,High-value
MG-176502,138,4,2972,2,2,3,Loyal
MG-176503,152,5,1054,2,3,2,Loyal
MG-176504,30,7,3785,4,3,4,High-value
MG-176801,37,13,9028,4,4,4,High-value
MG-176802,503,6,3801,1,3,4,Loyal
MG-176803,86,5,884,3,3,2,Loyal
MG-176804,93,4,2351,3,2,3,Recent
MG-176951,1,11,6960,4,4,4,High-value
MG-176952,35,6,6958,4,3,4,High-value
MG-176953,199,5,962,2,3,2,Loyal
MG-176954,556,3,1342,1,2,2,At-risk
MG-178751,45,9,4374,3,4,4,High-value
MG-178752,52,11,6604,3,4,4,High-value
MG-178753,6,8,2233,4,4,3,High-value
MG-178754,117,5,1241,2,3,2,Loyal
MG-178901,27,8,7964,4,4,4,High-value
MG-178902,6,9,2846,4,4,3,High-value
MG-178903,188,3,1579,2,2,2,At-risk
MG-178904,100,9,777,3,4,2,Loyal
MG-181451,34,5,3170,4,3,3,High-value
MG-181452,38,4,9501,4,2,4,High-value
MG-181453,3,11,2416,4,4,3,High-value
MG-181454,85,4,3062,3,2,3,Recent
MG-182051,27,7,7669,4,3,4,High-value
MG-182052,3,11,5544,4,4,4,High-value
MG-182053,17,10,3134,4,4,3,High-value
MG-182054,265,1,16,2,1,1,At-risk
MG-76501,496,1,302,1,1,1,At-risk
MG-76801,75,5,2878,3,3,3,Loyal
MG-76802,189,4,1421,2,2,2,At-risk
MG-76951,342,3,557,1,2,1,At-risk
MG-76952,336,4,1547,1,2,2,At-risk
MG-78751,404,1,80,1,1,1,At-risk
MG-78901,374,1,19,1,1,1,At-risk
MG-81451,282,2,4881,1,1,4,At-risk
MG-81452,1345,1,348,1,1,1,At-risk
MG-82051,370,3,1355,1,2,2,At-risk
MG-82052,610,1,15,1,1,1,At-risk
MG-82053,2,3,277,4,2,1,Recent
MH-172901,414,4,3762,1,2,3,At-risk
MH-172902,38,8,2845,4,4,3,High-value
MH-172903,98,7,4717,3,3,4,High-value
MH-172904,120,6,2393,2,3,3,Loyal
MH-174401,9,8,3492,4,4,3,High-value
MH-174402,45,8,3454,3,4,3,High-value
MH-174403,147,5,601,2,3,1,At-risk
MH-174404,377,4,400,1,2,1,At-risk
MH-174551,180,6,2602,2,3,3,Loyal
MH-174552,55,8,3228,3,4,3,High-value
MH-174553,409,5,1691,1,3,2,At-risk
MH-174554,86,8,2456,3,4,3,High-value
MH-176201,216,3,732,2,2,2,At-risk
MH-176202,24,7,4013,4,3,4,High-value
MH-176203,105,6,5040,3,3,4,High-value
MH-176204,156,4,1253,2,2,2,At-risk
MH-177851,1,7,4676,4,3,4,High-value
MH-177852,16,5,2780,4,3,3,High-value
MH-177853,363,7,2017,1,3,3,Loyal
MH-177854,99,7,2203,3,3,3,Loyal
MH-180251,927,1,1129,1,1,2,At-risk
MH-180252,74,8,5120,3,4,4,High-value
MH-180253,21,5,2520,4,3,3,High-value
MH-180254,50,5,2986,3,3,3,Loyal
MH-181151,185,9,2634,2,4,3,Loyal
MH-181152,19,4,2669,4,2,3,Recent
MH-181153,208,4,1208,2,2,2,At-risk
MH-181154,6,9,5503,4,4,4,High-value
MH-72901,738,3,1684,1,2,2,At-risk
MH-74401,97,5,2763,3,3,3,Loyal
MH-74402,1115,1,326,1,1,1,At-risk
MH-74403,698,2,268,1,1,1,At-risk
MH-74551,108,4,457,3,2,1,Recent
MH-74552,93,6,4290,3,3,4,High-value
MH-76201,246,2,372,2,1,1,At-risk
MH-76202,763,1,129,1,1,1,At-risk
MH-76203,483,4,678,1,2,1,At-risk
MH-77851,78,7,1580,3,3,2,Loyal
MH-77852,8,2,336,4,1,1,Recent
MH-80251,659,3,451,1,2,1,At-risk
MH-80252,63,1,22,3,1,1,Recent
MH-80253,15,5,623,4,3,1,Loyal
MH-81151,59,5,942,3,3,2,Loyal
MH-81152,220,2,319,2,1,1,At-risk
MJ-177401,22,9,3419,4,4,3,High-value
MJ-177402,54,4,2549,3,2,3,Recent
MJ-177403,95,6,3061,3,3,3,Loyal
MJ-177404,23,7,6321,4,3,4,High-value
MJ-77401,160,2,1080,2,1,2,At-risk
MJ-77402,374,2,56,1,1,1,At-risk
MK-179051,64,8,5029,3,4,4,High-value
MK-179052,22,5,2601,4,3,3,High-value
MK-179053,27,10,3269,4,4,3,High-value
MK-179054,29,8,2302,4,4,3,High-value
MK-181601,34,7,6220,4,3,4,High-value
MK-181602,23,5,2254,4,3,3,High-value
MK-181603,657,4,539,1,2,1,At-risk
MK-181604,241,4,1031,2,2,2,At-risk
MK-79051,220,4,347,2,2,1,At-risk
MK-79052,381,2,187,1,1,1,At-risk
MK-79053,150,5,712,2,3,1,At-risk
MK-81601,236,2,1310,2,1,2,At-risk
MK-81602,140,1,80,2,1,1,At-risk
MK-81603,41,7,1307,4,3,2,Loyal
ML-173951,1,5,1814,4,3,2,Loyal
ML-173952,576,4,6747,1,2,4,Loyal
ML-173953,381,7,3221,1,3,3,Loyal
ML-173954,70,9,2723,3,4,3,High-value
ML-174101,34,11,6342,4,4,4,High-value
ML-174102,166,5,1924,2,3,3,Loyal
ML-174103,50,8,3794,3,4,4,High-value
ML-174104,55,6,2922,3,3,3,Loyal
ML-177551,163,11,6767,2,4,4,High-value
ML-177552,2,6,5182,4,3,4,High-value
ML-177553,575,4,404,1,2,1,At-risk
ML-177554,30,7,2071,4,3,3,High-value
ML-180401,322,5,2753,1,3,3,Loyal
ML-180402,8,6,4549,4,3,4,High-value
ML-180403,435,5,633,1,3,1,At-risk
ML-180404,80,3,742,3,2,2,Recent
ML-182651,192,10,5548,2,4,4,High-value
ML-182652,189,9,7379,2,4,4,High-value
ML-182653,477,5,1591,1,3,2,At-risk
ML-182654,101,2,162,3,1,1,Recent
ML-73951,133,4,497,2,2,1,At-risk
ML-73952,171,3,553,2,2,1,At-risk
ML-74101,170,3,193,2,2,1,At-risk
ML-77551,310,4,937,1,2,2,At-risk
ML-77552,1289,1,51,1,1,1,At-risk
ML-77553,27,2,122,4,1,1,Recent
ML-80401,45,4,1513,3,2,2,Recent
ML-80402,279,1,73,1,1,1,At-risk
ML-80403,224,2,104,2,1,1,At-risk
ML-82651,422,5,984,1,3,2,At-risk
ML-82652,9,4,187,4,2,1,Recent
MM-172601,79,10,7869,3,4,4,High-value
MM-172602,111,7,1912,2,3,3,Loyal
MM-172603,5,5,4620,4,3,4,High-value
MM-172604,169,4,1315,2,2,2,At-risk
MM-179201,45,5,3683,3,3,3,Loyal
MM-179202,92,7,7421,3,3,4,High-value
MM-179203,14,10,5483,4,4,4,High-value
MM-179204,8,11,3793,4,4,4,High-value
MM-180551,27,2,303,4,1,1,Recent
MM-180552,16,10,6490,4,4,4,High-value
MM-180553,205,5,1619,2,3,2,Loyal
MM-180554,62,8,2752,3,4,3,High-value
MM-182801,148,5,1582,2,3,2,Loyal
MM-182802,712,5,3349,1,3,3,Loyal
MM-182803,13,6,1429,4,3,2,Loyal
MM-182804,86,9,774,3,4,2,Loyal
MM-72601,132,1,19,2,1,1,At-risk
MM-72602,1460,1,314,1,1,1,At-risk
MM-72603,297,3,5177,1,2,4,Loyal
MM-79201,84,5,968,3,3,2,Loyal
MM-79202,29,1,382,4,1,1,Recent
MM-80551,603,2,686,1,1,1,At-risk
MM-80552,34,6,1239,4,3,2,Loyal
MM-82801,143,3,664,2,2,1,At-risk
MM-82802,72,7,2922,3,3,3,Loyal
MN-179351,110,4,4101,2,2,4,Loyal
MN-179352,9,5,3182,4,3,3,High-value
MN-179353,120,6,3112,2,3,3,Loyal
MN-179354,35,6,2477,4,3,3,High-value
MN-79351,31,3,71,4,2,1,Recent
MN-79352,658,3,2104,1,2,3,At-risk
MO-175001,44,4,1731,3,2,2,Recent
MO-175002,148,5,4472,2,3,4,Loyal
MO-175003,37,11,3190,4,4,3,High-value
MO-175004,73,4,922,3,2,2,Recent
MO-178001,7,7,9347,4,3,4,High-value
MO-178002,106,3,355,3,2,1,Recent
MO-178003,90,7,2319,3,3,3,Loyal
MO-178004,105,8,1686,3,4,2,Loyal
MO-179501,401,1,101,1,1,1,At-risk
MO-179502,7,8,4009,4,4,4,High-value
MO-179503,77,3,266,3,2,1,Recent
MO-179504,181,2,154,2,1,1,At-risk
MO-75001,736,3,580,1,2,1,At-risk
MO-75002,282,2,231,1,1,1,At-risk
MO-78001,31,6,1885,4,3,2,Loyal
MO-78002,15,3,2411,4,2,3,Recent
MO-79501,664,1,712,1,1,1,At-risk
MO-79502,99,2,222,3,1,1,Recent
MP-174701,43,6,1697,3,3,2,Loyal
MP-174702,6,6,4416,4,3,4,High-value
MP-174703,388,9,3608,1,4,3,Loyal
MP-174704,720,7,3207,1,3,3,Loyal
MP-179651,108,7,2552,3,3,3,Loyal
MP-179652,55,13,6431,3,4,4,High-value
MP-179653,28,10,4263,4,4,4,High-value
MP-179654,73,9,3984,3,4,4,High-value
MP-181751,23,13,9796,4,4,4,High-value
MP-181752,248,8,5065,2,4,4,High-value
MP-181753,267,6,2096,2,3,3,Loyal
MP-181754,17,9,5090,4,4,4,High-value
MP-74701,544,2,59,1,1,1,At-risk
MP-79651,450,5,295,1,3,1,At-risk
MP-79652,197,3,271,2,2,1,At-risk
MP-81751,169,3,944,2,2,2,At-risk
MP-81752,91,3,1225,3,2,2,Recent
MR-175451,98,8,4797,3,4,4,High-value
MR-175452,152,8,11500,2,4,4,High-value
MR-175453,201,3,2312,2,2,3,Loyal
MR-175454,126,4,640,2,2,1,At-risk
MR-75451,293,3,1963,1,2,3,At-risk
MR-75452,101,3,363,3,2,1,Recent
MS-173651,28,7,4809,4,3,4,High-value
MS-173652,6,5,2419,4,3,3,High-value
MS-173653,37,12,5642,4,4,4,High-value
MS-173654,274,10,7445,1,4,4,Loyal
MS-175301,71,7,6450,3,3,4,High-value
MS-175302,16,6,3698,4,3,3,High-value
MS-175303,192,8,2710,2,4,3,Loyal
MS-175304,435,4,476,1,2,1,At-risk
MS-177101,30,7,314,4,3,1,Loyal
MS-177102,34,6,3814,4,3,4,High-value
MS-177103,30,7,2762,4,3,3,High-value
MS-177104,414,6,1611,1,3,2,At-risk
MS-177701,152,7,4739,2,3,4,Loyal
MS-177702,50,11,7757,3,4,4,High-value
MS-177703,35,9,1747,4,4,2,High-value
MS-177704,122,9,3146,2,4,3,Loyal
MS-178301,64,6,2696,3,3,3,Loyal
MS-178302,24,7,4366,4,3,4,High-value
MS-178303,73,9,4350,3,4,4,High-value
MS-178304,453,4,370,1,2,1,At-risk
MS-179801,322,5,4091,1,3,4,Loyal
MS-179802,143,6,7202,2,3,4,Loyal
MS-179803,70,10,4065,3,4,4,High-value
MS-179804,27,6,855,4,3,2,Loyal
MS-73651,225,4,1233,2,2,2,At-risk
MS-73652,112,1,133,2,1,1,At-risk
MS-75301,938,1,569,1,1,1,At-risk
MS-75302,52,7,887,3,3,2,Loyal
MS-77101,64,2,164,3,1,1,Recent
MS-77102,282,6,1366,1,3,2,At-risk
MS-77701,99,4,217,3,2,1,Recent
MS-77702,127,2,322,2,1,1,At-risk
MS-78301,140,3,305,2,2,1,At-risk
MS-78302,5,5,4017,4,3,4,High-value
MS-79801,7,2,673,4,1,1,Recent
MS-79802,279,3,983,1,2,2,At-risk
MT-178151,148,9,4902,2,4,4,High-value
MT-178152,94,7,3607,3,3,3,Loyal
MT-178153,64,5,2446,3,3,3,Loyal
MT-178154,50,6,2890,3,3,3,Loyal
MT-180701,210,10,2682,2,4,3,Loyal
MT-180702,128,7,6720,2,3,4,Loyal
MT-180703,265,3,204,2,2,1,At-risk
MT-180704,204,4,1321,2,2,2,At-risk
MT-78151,527,2,344,1,1,1,At-risk
MT-78152,177,4,1157,2,2,2,At-risk
MT-80701,324,3,4827,1,2,4,Loyal
MT-80702,621,4,2025,1,2,3,At-risk
MV-174851,20,5,2222,4,3,3,High-value
MV-174852,17,9,5580,4,4,4,High-value
MV-174853,112,4,1202,2,2,2,At-risk
MV-174854,28,9,1561,4,4,2,High-value
MV-181901,100,8,9480,3,4,4,High-value
MV-181902,59,10,2796,3,4,3,High-value
MV-181903,91,5,1564,3,3,2,Loyal
MV-181904,20,7,1736,4,3,2,Loyal
MV-74851,471,2,636,1,1,1,At-risk
MV-74852,820,3,317,1,2,1,At-risk
MV-81901,8,4,3445,4,2,3,Recent
MV-81902,461,4,551,1,2,1,At-risk
MW-182201,149,5,7302,2,3,4,Loyal
MW-182202,69,5,5709,3,3,4,High-value
MW-182203,275,11,2241,1,4,3,Loyal
MW-182204,18,7,5342,4,3,4,High-value
MW-182351,17,8,5128,4,4,4,High-value
MW-182352,195,7,3020,2,3,3,Loyal
MW-182353,64,7,4534,3,3,4,High-value
MW-182354,45,2,5254,3,1,4,Recent
MW-82201,513,4,224,1,2,1,At-risk
MW-82202,45,4,2252,3,2,3,Recent
MW-82351,1,5,675,4,3,1,Loyal
MW-82352,785,1,397,1,1,1,At-risk
MY-173801,212,7,6052,2,3,4,Loyal
MY-173802,54,9,5220,3,4,4,High-value
MY-173803,48,5,1198,3,3,2,Loyal
MY-173804,30,7,2255,4,3,3,High-value
MY-182951,1,6,8991,4,3,4,High-value
MY-182952,44,8,6649,3,4,4,High-value
MY-182953,15,4,5779,4,2,4,High-value
MY-182954,72,11,4151,3,4,4,High-value
MY-73801,950,2,158,1,1,1,At-risk
MY-73802,323,2,1589,1,1,2,At-risk
MY-82951,44,6,2993,3,3,3,Loyal
MY-82952,510,4,1081,1,2,2,At-risk
MZ-173351,22,6,2892,4,3,3,High-value
MZ-173352,156,7,5126,2,3,4,Loyal
MZ-173353,37,9,5854,4,4,4,High-value
MZ-173354,31,4,594,4,2,1,Recent
MZ-175151,45,10,5508,3,4,4,High-value
MZ-175152,44,6,3803,3,3,4,High-value
MZ-175153,24,3,1508,4,2,2,Recent
MZ-175154,283,6,2565,1,3,3,Loyal
MZ-73351,311,1,180,1,1,1,At-risk
MZ-73352,113,4,3314,2,2,3,Loyal
MZ-75151,120,6,1234,2,3,2,Loyal
MZ-75152,903,1,150,1,1,1,At-risk
MZ-75153,79,2,1809,3,1,2,Recent
NB-185801,548,3,1306,1,2,2,At-risk
NB-185802,639,2,1409,1,1,2,At-risk
NB-185803,453,3,1886,1,2,2,At-risk
NB-185804,1167,2,274,1,1,1,At-risk
NB-186551,386,5,2804,1,3,3,Loyal
NB-186552,39,5,4478,4,3,4,High-value
NB-186553,174,3,392,2,2,1,At-risk
NB-186554,20,9,1974,4,4,3,High-value
NB-85801,429,4,633,1,2,1,At-risk
NB-85802,1284,1,100,1,1,1,At-risk
NB-85803,637,2,327,1,1,1,At-risk
NB-86551,1097,2,131,1,1,1,At-risk
NB-86552,111,3,303,2,2,1,At-risk
NC-183401,215,10,7627,2,4,4,High-value
NC-183402,6,4,1754,4,2,2,Recent
NC-183403,205,3,2063,2,2,3,Loyal
NC-183404,225,5,2461,2,3,3,Loyal
NC-184151,428,4,833,1,2,2,At-risk
NC-184152,190,4,2335,2,2,3,Loyal
NC-184153,40,5,3870,4,3,4,High-value
NC-184154,42,6,2219,3,3,3,Loyal
NC-185351,81,5,1137,3,3,2,Loyal
NC-185352,304,7,565,1,3,1,At-risk
NC-185353,75,3,1109,3,2,2,Recent
NC-185354,7,7,8240,4,3,4,High-value
NC-186251,21,15,11491,4,4,4,High-value
NC-186252,56,6,2018,3,3,3,Loyal
NC-186253,108,3,1573,3,2,2,Recent
NC-186254,205,5,1822,2,3,2,Loyal
NC-83401,36,5,2280,4,3,3,High-value
NC-83402,197,1,229,2,1,1,At-risk
NC-83403,470,3,199,1,2,1,At-risk
NC-84151,197,2,287,2,1,1,At-risk
NC-84152,107,3,1215,3,2,2,Recent
NC-85351,294,3,782,1,2,2,At-risk
NC-85352,139,4,469,2,2,1,At-risk
NC-86251,462,1,339,1,1,1,At-risk
NC-86252,1156,1,103,1,1,1,At-risk
ND-183701,108,3,652,3,2,1,Recent
ND-183702,393,3,3485,1,2,3,At-risk
ND-183703,13,8,2452,4,4,3,High-value
ND-183704,28,9,4329,4,4,4,High-value
ND-184601,6,5,1377,4,3,2,Loyal
ND-184602,147,6,5124,2,3,4,Loyal
ND-184603,163,5,2663,2,3,3,Loyal
ND-184604,184,6,2894,2,3,3,Loyal
ND-83701,34,2,360,4,1,1,Recent
ND-83702,49,4,2431,3,2,3,Recent
ND-84601,9,5,1973,4,3,3,High-value
ND-84602,838,1,41,1,1,1,At-risk
ND-84603,26,4,708,4,2,1,Recent
NF-183851,41,10,7362,4,4,4,High-value
NF-183852,8,13,9656,4,4,4,High-value
NF-183853,283,2,2703,1,1,3,At-risk
NF-183854,80,7,8321,3,3,4,High-value
NF-184751,451,6,3008,1,3,3,Loyal
NF-184752,7,8,6407,4,4,4,High-value
NF-184753,267,4,839,2,2,2,At-risk
NF-184754,526,4,377,1,2,1,At-risk
NF-185951,220,4,2661,2,2,3,Loyal
NF-185952,587,4,1557,1,2,2,At-risk
NF-185953,12,7,4287,4,3,4,High-value
NF-185954,115,7,2031,2,3,3,Loyal
NF-83851,2,7,2029,4,4,3,High-value
NF-83852,552,1,402,1,1,1,At-risk
NF-83853,50,3,1305,3,2,2,Recent
NF-84751,44,2,755,3,1,2,Recent
NF-84752,821,1,676,1,1,1,At-risk
NF-84753,115,4,587,2,2,1,At-risk
NF-85951,513,2,801,1,1,2,At-risk
NF-85952,517,3,931,1,2,2,At-risk
NG-183551,217,3,2074,2,2,3,Loyal
NG-183552,61,6,2134,3,3,3,Loyal
NG-183553,188,7,3188,2,4,3,Loyal
NG-183554,49,5,1871,3,3,2,Loyal
NG-184301,48,10,10114,3,4,4,High-value
NG-184302,28,8,3620,4,4,3,High-value
NG-184303,72,5,3841,3,3,4,High-value
NG-184304,49,5,1397,3,3,2,Loyal
NG-83551,1064,2,358,1,1,1,At-risk
NG-83552,696,2,403,1,1,1,At-risk
NG-83553,104,3,1987,3,2,3,Recent
NG-84301,38,3,430,4,2,1,Recent
NG-84302,440,1,728,1,1,2,At-risk
NG-84303,19,4,2591,4,2,3,Recent
NH-186101,21,9,11557,4,4,4,High-value
NH-186102,71,5,4807,3,3,4,High-value
NH-186103,489,1,146,1,1,1,At-risk
NH-186104,190,7,2673,2,4,3,Loyal
NH-86101,72,2,31,3,1,1,Recent
NH-86102,940,1,1005,1,1,2,At-risk
NH-86103,6,3,1085,4,2,2,Recent
NK-184901,216,5,6215,2,3,4,Loyal
NK-184902,27,6,1104,4,3,2,Loyal
NK-184903,238,6,3592,2,3,3,Loyal
NK-184904,71,7,571,3,4,1,Loyal
NK-84901,207,4,2393,2,2,3,Loyal
NL-183101,87,9,6982,3,4,4,High-value
NL-183102,26,6,1732,4,3,2,Loyal
NL-183103,62,6,455,3,3,1,Loyal
NL-183104,59,4,1420,3,2,2,Recent
NL-83101,576,1,222,1,1,1,At-risk
NL-83102,781,1,29,1,1,1,At-risk
NM-184451,86,11,8764,3,4,4,High-value
NM-184452,152,5,1335,2,3,2,Loyal
NM-184453,31,9,3664,4,4,3,High-value
NM-184454,161,7,6461,2,4,4,High-value
NM-185201,107,8,4082,3,4,4,High-value
NM-185202,20,5,4103,4,3,4,High-value
NM-185203,47,4,1983,3,2,3,Recent
NM-185204,245,10,2163,2,4,3,Loyal
NM-84451,367,3,191,1,2,1,At-risk
NM-84452,920,1,18,1,1,1,At-risk
NM-84453,34,5,3845,4,3,4,High-value
NM-85201,159,1,1541,2,1,2,At-risk
NP-183251,2,6,945,4,3,2,Loyal
NP-183252,56,7,2922,3,4,3,High-value
NP-183253,154,6,2382,2,3,3,Loyal
NP-183254,26,6,5532,4,3,4,High-value
NP-186701,63,4,660,3,2,1,Recent
NP-186702,192,8,6412,2,4,4,High-value
NP-186703,419,2,1860,1,1,2,At-risk
NP-186704,59,5,3909,3,3,4,High-value
NP-186851,128,6,3851,2,3,4,Loyal
NP-186852,140,6,843,2,3,2,Loyal
NP-186853,15,12,5440,4,4,4,High-value
NP-186854,407,6,1229,1,3,2,At-risk
NP-187001,30,6,877,4,3,2,Loyal
NP-187002,29,8,4020,4,4,4,High-value
NP-187003,194,6,1238,2,3,2,Loyal
NP-187004,139,7,7904,2,4,4,High-value
NP-83251,16,3,219,4,2,1,Recent
NP-83252,864,1,531,1,1,1,At-risk
NP-83253,397,4,587,1,2,1,At-risk
NP-86701,227,2,1954,2,1,3,At-risk
NP-86702,483,4,919,1,2,2,At-risk
NP-86851,115,3,4655,2,2,4,Loyal
NP-86852,280,1,340,1,1,1,At-risk
NP-87001,192,4,1330,2,2,2,At-risk
NP-87002,38,2,552,4,1,1,Recent
NR-185501,3,10,4196,4,4,4,High-value
NR-185502,257,4,1116,2,2,2,At-risk
NR-185503,83,7,3313,3,4,3,High-value
NR-185504,211,5,2368,2,3,3,Loyal
NR-85501,60,3,305,3,2,1,Recent
NR-85502,15,5,1593,4,3,2,Loyal
NS-185051,295,4,1681,1,2,2,At-risk
NS-185052,63,6,3767,3,3,4,High-value
NS-185053,62,11,6814,3,4,4,High-value
NS-185054,7,4,2576,4,2,3,Recent
NS-186401,49,6,2341,3,3,3,Loyal
NS-186402,37,10,4581,4,4,4,High-value
NS-186403,57,8,4982,3,4,4,High-value
NS-186404,175,13,2966,2,4,3,Loyal
NS-85051,14,3,901,4,2,2,Recent
NS-85052,198,2,62,2,1,1,At-risk
NS-86401,48,4,694,3,2,1,Recent
NS-86402,134,4,1079,2,2,2,At-risk
NW-184001,236,8,1550,2,4,2,Loyal
NW-184002,182,4,1720,2,2,2,At-risk
NW-184003,335,7,4823,1,4,4,Loyal
NW-184004,173,7,7233,2,4,4,High-value
NW-84001,1240,1,5100,1,1,4,At-risk
NW-84002,678,1,334,1,1,1,At-risk
NW-84003,118,5,1614,2,3,2,Loyal
NZ-185651,233,8,9544,2,4,4,High-value
NZ-185652,110,5,5475,3,3,4,High-value
NZ-185653,387,4,2436,1,2,3,At-risk
NZ-185654,86,9,2487,3,4,3,High-value
NZ-85651,100,4,329,3,2,1,Recent
ON-187151,126,7,3094,2,4,3,Loyal
ON-187152,48,11,8368,3,4,4,High-value
ON-187153,429,6,4736,1,3,4,Loyal
ON-187154,411,9,1567,1,4,2,Loyal
ON-87151,1000,2,346,1,1,1,At-risk
ON-87152,460,3,1162,1,2,2,At-risk
OT-187301,34,11,6463,4,4,4,High-value
OT-187302,42,8,5883,3,4,4,High-value
OT-187303,119,8,3330,2,4,3,Loyal
OT-187304,66,5,3819,3,3,4,High-value
OT-87301,472,2,220,1,1,1,At-risk
OT-87302,243,2,44,2,1,1,At-risk
PA-190601,51,5,1265,3,3,2,Loyal
PA-190602,75,3,1921,3,2,3,Recent
PA-190603,24,7,2808,4,4,3,High-value
PA-190604,104,6,730,3,3,2,Loyal
PA-90601,405,3,3223,1,2,3,At-risk
PA-90602,178,3,448,2,2,1,At-risk
PB-188051,9,5,3440,4,3,3,High-value
PB-188052,360,6,4889,1,3,4,Loyal
PB-188053,73,5,3001,3,3,3,Loyal
PB-188054,26,3,741,4,2,2,Recent
PB-191051,89,4,2957,3,2,3,Recent
PB-191052,527,5,1855,1,3,2,At-risk
PB-191053,139,3,2587,2,2,3,Loyal
PB-191054,58,4,689,3,2,1,Recent
PB-191501,68,5,1849,3,3,2,Loyal
PB-191502,104,8,1308,3,4,2,Loyal
PB-191503,6,12,3294,4,4,3,High-value
PB-191504,98,8,1457,3,4,2,Loyal
PB-192101,33,8,11654,4,4,4,High-value
PB-192102,9,10,4684,4,4,4,High-value
PB-192103,152,7,2497,2,4,3,Loyal
PB-192104,689,2,133,1,1,1,At-risk
PB-88051,121,2,254,2,1,1,At-risk
PB-88052,730,2,620,1,1,1,At-risk
PB-88053,343,5,1913,1,3,3,Loyal
PB-91051,1,4,1809,4,2,2,Recent
PB-91501,42,3,393,3,2,1,Recent
PB-91502,143,7,3085,2,4,3,Loyal
PB-92101,318,2,270,1,1,1,At-risk
PB-92102,308,5,5031,1,3,4,Loyal
PC-187451,83,7,3356,3,4,3,High-value
PC-187452,22,5,1448,4,3,2,Loyal
PC-187453,790,5,4058,1,3,4,Loyal
PC-187454,3,4,1832,4,2,2,Recent
PC-190001,22,9,2185,4,4,3,High-value
PC-190002,33,5,6069,4,3,4,High-value
PC-190003,51,2,157,3,1,1,Recent
PC-190004,883,2,1062,1,1,2,At-risk
PC-87451,58,2,85,3,1,1,Recent
PC-87452,416,3,1161,1,2,2,At-risk
PC-90001,573,3,1040,1,2,2,At-risk
PC-90002,1004,1,120,1,1,1,At-risk
PF-191201,94,8,15063,3,4,4,High-value
PF-191202,85,8,1864,3,4,2,Loyal
PF-191203,98,8,2001,3,4,3,High-value
PF-191204,836,4,9065,1,2,4,Loyal
PF-191651,92,13,4736,3,4,4,High-value
PF-191652,345,9,5169,1,4,4,Loyal
PF-191653,323,8,3347,1,4,3,Loyal
PF-191654,197,6,2770,2,3,3,Loyal
PF-192251,3,10,3374,4,4,3,High-value
PF-192252,24,11,3910,4,4,4,High-value
PF-192253,23,4,2427,4,2,3,Recent
PF-192254,115,5,2207,2,3,3,Loyal
PF-91201,301,3,714,1,2,1,At-risk
PF-91202,414,1,322,1,1,1,At-risk
PF-91203,84,6,847,3,3,2,Loyal
PF-91651,35,3,1533,4,2,2,Recent
PF-91652,126,4,476,2,2,1,At-risk
PF-92251,15,3,357,4,2,1,Recent
PF-92252,484,4,1117,1,2,2,At-risk
PG-188201,36,11,8315,4,4,4,High-value
PG-188202,623,3,779,1,2,2,At-risk
PG-188203,21,8,2453,4,4,3,High-value
PG-188204,37,13,3088,4,4,3,High-value
PG-188951,202,8,3381,2,4,3,Loyal
PG-188952,3,7,4707,4,4,4,High-value
PG-188953,576,4,3864,1,2,4,Loyal
PG-188954,58,9,1988,3,4,3,High-value
PG-88201,1443,1,459,1,1,1,At-risk
PG-88202,31,5,1387,4,3,2,Loyal
PG-88951,300,3,482,1,2,1,At-risk
PG-88952,939,3,1500,1,2,2,At-risk
PH-187901,58,9,3975,3,4,4,High-value
PH-187902,798,1,408,1,1,1,At-risk
PH-187903,122,8,4322,2,4,4,High-value
PH-187904,71,1,730,3,1,2,Recent
PH-87901,115,4,177,2,2,1,At-risk
PH-87902,185,4,1570,2,2,2,At-risk
PJ-188351,104,3,2704,3,2,3,Recent
PJ-188352,115,3,8509,2,2,4,Loyal
PJ-188353,51,5,1208,3,3,2,Loyal
PJ-188354,40,8,1220,4,4,2,High-value
PJ-190151,20,4,1779,4,2,2,Recent
PJ-190152,43,5,3278,3,3,3,Loyal
PJ-190153,84,6,2352,3,3,3,Loyal
PJ-190154,135,7,1823,2,4,2,Loyal
PJ-88351,301,3,581,1,2,1,At-risk
PJ-88352,43,3,220,3,2,1,Recent
PJ-90151,516,2,623,1,1,1,At-risk
PJ-90152,197,6,5990,2,3,4,Loyal
PK-189101,210,4,1397,2,2,2,At-risk
PK-189102,426,2,802,1,1,2,At-risk
PK-189103,99,8,3644,3,4,3,High-value
PK-189104,484,2,1441,1,1,2,At-risk
PK-190751,176,5,3098,2,3,3,Loyal
PK-190752,37,6,4270,4,3,4,High-value
PK-190753,9,6,1651,4,3,2,Loyal
PK-190754,10,12,8646,4,4,4,High-value
PK-89101,122,4,948,2,2,2,At-risk
PK-90751,495,1,533,1,1,1,At-risk
PK-90752,548,2,459,1,1,1,At-risk
PL-189251,50,9,10789,3,4,4,High-value
PL-189252,586,3,1899,1,2,3,At-risk
PL-189253,59,3,1329,3,2,2,Recent
PL-189254,16,5,239,4,3,1,Loyal
PL-89251,360,2,261,1,1,1,At-risk
PL-89252,50,1,498,3,1,1,Recent
PM-189401,735,4,4352,1,2,4,Loyal
PM-189402,22,7,4564,4,4,4,High-value
PM-189403,30,9,2575,4,4,3,High-value
PM-189404,387,3,1405,1,2,2,At-risk
PM-191351,574,4,2796,1,2,3,At-risk
PM-191352,37,9,1315,4,4,2,High-value
PM-191353,13,5,1632,4,3,2,Loyal
PM-191354,52,4,4115,3,2,4,Recent
PM-89401,56,4,863,3,2,2,Recent
PM-89402,678,5,587,1,3,1,At-risk
PM-91351,302,4,746,1,2,2,At-risk
PM-91352,997,2,684,1,1,1,At-risk
PN-187751,16,9,5619,4,4,4,High-value
PN-187752,108,13,2519,3,4,3,High-value
PN-187753,513,3,1765,1,2,2,At-risk
PN-187754,31,8,1467,4,4,2,High-value
PN-87751,214,3,1024,2,2,2,At-risk
PN-87752,54,2,499,3,1,1,Recent
PO-188501,35,8,5125,4,4,4,High-value
PO-188502,106,12,7288,3,4,4,High-value
PO-188503,13,10,5390,4,4,4,High-value
PO-188504,5,11,7475,4,4,4,High-value
PO-188651,176,8,2550,2,4,3,Loyal
PO-188652,64,10,13056,3,4,4,High-value
PO-188653,296,10,2952,1,4,3,Loyal
PO-188654,1,7,2494,4,4,3,High-value
PO-191801,211,7,9211,2,4,4,High-value
PO-191802,604,4,682,1,2,1,At-risk
PO-191803,223,4,1967,2,2,3,Loyal
PO-191804,161,9,4893,2,4,4,High-value
PO-191951,219,7,5331,2,4,4,High-value
PO-191952,399,3,2524,1,2,3,At-risk
PO-191953,370,6,1958,1,3,3,Loyal
PO-191954,87,5,1057,3,3,2,Loyal
PO-88501,406,2,1076,1,1,2,At-risk
PO-88502,128,2,358,2,1,1,At-risk
PO-88651,353,4,2607,1,2,3,At-risk
PO-88652,941,1,205,1,1,1,At-risk
PO-88653,1186,1,161,1,1,1,At-risk
PO-91801,30,3,416,4,2,1,Recent
PO-91802,596,2,88,1,1,1,At-risk
PO-91803,503,4,727,1,2,1,At-risk
PO-91951,34,4,7799,4,2,4,High-value
PO-91952,749,1,27,1,1,1,At-risk
PO-91953,259,3,403,2,2,1,At-risk
PP-189551,55,8,8800,3,4,4,High-value
PP-189552,370,6,5300,1,3,4,Loyal
PP-189553,56,6,533,3,3,1,Loyal
PP-189554,98,10,7254,3,4,4,High-value
PP-89551,1065,2,232,1,1,1,At-risk
PP-89552,15,1,128,4,1,1,Recent
PR-188801,110,8,3303,3,4,3,High-value
PR-188802,120,9,3897,2,4,4,High-value
PR-188803,26,7,4204,4,4,4,High-value
PR-188804,37,5,1841,4,3,2,Loyal
PR-88801,197,2,517,2,1,1,At-risk
PR-88802,738,1,289,1,1,1,At-risk
PR-88803,1226,2,279,1,1,1,At-risk
PS-187601,30,8,3962,4,4,4,High-value
PS-187602,191,6,6533,2,3,4,Loyal
PS-187603,36,8,3252,4,4,3,High-value
PS-187604,108,6,2182,3,3,3,Loyal
PS-189701,28,6,5988,4,3,4,High-value
PS-189702,191,12,4672,2,4,4,High-value
PS-189703,160,7,6286,2,4,4,High-value
PS-189704,70,8,1278,3,4,2,Loyal
PS-190451,90,7,8178,3,4,4,High-value
PS-190452,139,4,7012,2,2,4,Loyal
PS-190453,21,8,7221,4,4,4,High-value
PS-190454,237,7,6842,2,4,4,High-value
PS-87601,348,1,531,1,1,1,At-risk
PS-87602,498,4,1175,1,2,2,At-risk
PS-89701,923,2,57,1,1,1,At-risk
PS-89702,125,2,1339,2,1,2,At-risk
PS-90451,62,3,341,3,2,1,Recent
PS-90452,180,4,489,2,2,1,At-risk
PT-190901,125,6,2798,2,3,3,Loyal
PT-190902,147,7,2553,2,4,3,Loyal
PT-190903,7,8,2858,4,4,3,High-value
PT-190904,72,4,160,3,2,1,Recent
PT-90901,251,1,804,2,1,2,At-risk
PT-90902,3,4,3881,4,2,4,High-value
PV-189851,9,9,2717,4,4,3,High-value
PV-189852,22,7,2313,4,4,3,High-value
PV-189853,65,7,4636,3,4,4,High-value
PV-189854,90,5,2875,3,3,3,Loyal
PV-89851,145,4,3156,2,2,3,Loyal
PV-89852,203,2,3235,2,1,3,At-risk
PW-190301,66,9,1126,3,4,2,Loyal
PW-190302,8,8,5988,4,4,4,High-value
PW-190303,478,4,2237,1,2,3,At-risk
PW-190304,47,10,3454,3,4,3,High-value
PW-192401,404,5,563,1,3,1,At-risk
PW-192402,2,5,1023,4,3,2,Loyal
PW-192403,101,7,1677,3,4,2,Loyal
PW-192404,465,7,3922,1,4,4,Loyal
PW-90301,58,3,509,3,2,1,Recent
PW-90302,561,4,574,1,2,1,At-risk
PW-92401,62,4,1097,3,2,2,Recent
PW-92402,566,3,140,1,2,1,At-risk
QJ-192551,87,4,6156,3,2,4,Recent
QJ-192552,374,3,3314,1,2,3,At-risk
QJ-192553,115,7,2616,2,4,3,Loyal
QJ-192554,26,9,6111,4,4,4,High-value
QJ-92551,62,2,165,3,1,1,Recent
QJ-92552,127,3,223,2,2,1,At-risk
RA-192851,500,2,3278,1,1,3,At-risk
RA-192852,47,8,7958,3,4,4,High-value
RA-192853,339,5,2964,1,3,3,Loyal
RA-192854,6,9,2619,4,4,3,High-value
RA-198851,336,5,5363,1,3,4,Loyal
RA-198852,266,7,2886,2,4,3,Loyal
RA-198853,482,4,3354,1,2,3,At-risk
RA-198854,44,7,3832,3,4,4,High-value
RA-199151,143,6,3895,2,3,4,Loyal
RA-199152,125,4,4488,2,2,4,Loyal
RA-199153,28,8,7801,4,4,4,High-value
RA-199154,13,9,4794,4,4,4,High-value
RA-199451,2,4,726,4,2,1,Recent
RA-199452,24,7,4439,4,4,4,High-value
RA-199453,84,7,4845,3,4,4,High-value
RA-199454,62,5,1686,3,3,2,Loyal
RA-92851,255,7,2760,2,4,3,Loyal
RA-92852,498,1,295,1,1,1,At-risk
RA-92853,363,6,3170,1,3,3,Loyal
RA-98851,700,1,59,1,1,1,At-risk
RA-98852,1056,2,154,1,1,1,At-risk
RA-98853,126,5,291,2,3,1,At-risk
RA-99151,140,1,201,2,1,1,At-risk
RA-99152,588,1,219,1,1,1,At-risk
RA-99451,21,6,1012,4,3,2,Loyal
RA-99452,213,3,1034,2,2,2,At-risk
RB-193301,142,8,3794,2,4,4,High-value
RB-193302,16,12,8650,4,4,4,High-value
RB-193303,44,10,4909,3,4,4,High-value
RB-193304,69,2,1008,3,1,2,Recent
RB-193601,21,8,10106,4,4,4,High-value
RB-193602,76,6,3511,3,3,3,Loyal
RB-193603,174,5,463,2,3,1,At-risk
RB-193604,97,6,15117,3,3,4,High-value
RB-194351,69,6,4966,3,3,4,High-value
RB-194352,131,3,93,2,2,1,At-risk
RB-194353,61,11,3896,3,4,4,High-value
RB-194354,20,8,2663,4,4,3,High-value
RB-194651,15,9,7408,4,4,4,High-value
RB-194652,114,5,1190,2,3,2,Loyal
RB-194653,1,10,3867,4,4,4,High-value
RB-194654,10,12,4714,4,4,4,High-value
RB-195701,164,2,1822,2,1,2,At-risk
RB-195702,189,10,6788,2,4,4,High-value
RB-195703,21,8,1824,4,4,2,High-value
RB-195704,26,5,528,4,3,1,Loyal
RB-196451,151,3,2377,2,2,3,Loyal
RB-196452,321,6,1580,1,3,2,At-risk
RB-196453,299,8,1796,1,4,2,Loyal
RB-196454,649,5,221,1,3,1,At-risk
RB-197051,134,5,4923,2,3,4,Loyal
RB-197052,17,3,367,4,2,1,Recent
RB-197053,445,4,1930,1,2,3,At-risk
RB-197054,55,4,2068,3,2,3,Recent
RB-197951,114,8,2476,2,4,3,Loyal
RB-197952,193,5,1486,2,3,2,Loyal
RB-197953,94,14,9463,3,4,4,High-value
RB-197954,33,8,5633,4,4,4,High-value
RB-93301,113,5,2079,2,3,3,Loyal
RB-93302,140,3,2458,2,2,3,Loyal
RB-93601,531,2,171,1,1,1,At-risk
RB-93602,94,2,233,3,1,1,Recent
RB-94351,217,2,215,2,1,1,At-risk
RB-94352,485,4,2964,1,2,3,At-risk
RB-94651,1212,1,418,1,1,1,At-risk
RB-94652,288,2,3257,1,1,3,At-risk
RB-95701,941,2,267,1,1,1,At-risk
RB-95702,447,3,320,1,2,1,At-risk
RB-96451,476,1,147,1,1,1,At-risk
RB-96452,240,2,135,2,1,1,At-risk
RB-97051,183,7,4267,2,4,4,High-value
RB-97052,150,1,285,2,1,1,At-risk
RB-97053,248,4,1464,2,2,2,At-risk
RB-97951,31,2,68,4,1,1,Recent
RB-97952,182,3,188,2,2,1,At-risk
RC-198251,669,4,778,1,2,2,At-risk
RC-198252,241,7,4180,2,4,4,High-value
RC-198253,119,8,1993,2,4,3,Loyal
RC-198254,370,6,968,1,3,2,At-risk
RC-199601,143,5,3140,2,3,3,Loyal
RC-199602,518,7,2901,1,4,3,Loyal
RC-199603,23,4,971,4,2,2,Recent
RC-199604,111,6,886,2,3,2,Loyal
RC-98251,742,1,37,1,1,1,At-risk
RC-99601,113,4,1610,2,2,2,At-risk
RC-99602,897,1,31,1,1,1,At-risk
RD-194801,261,2,890,2,1,2,At-risk
RD-194802,1,7,5552,4,4,4,High-value
RD-194803,64,10,5769,3,4,4,High-value
RD-194804,73,8,4272,3,4,4,High-value
RD-195851,360,7,4320,1,4,4,Loyal
RD-195852,26,9,8108,4,4,4,High-value
RD-195853,41,5,973,4,3,2,Loyal
RD-195854,181,10,2913,2,4,3,Loyal
RD-196601,94,7,4068,3,4,4,High-value
RD-196602,239,4,5345,2,2,4,Loyal
RD-196603,273,5,751,1,3,2,At-risk
RD-196604,115,5,2787,2,3,3,Loyal
RD-197201,48,6,3843,3,3,4,High-value
RD-197202,63,9,5295,3,4,4,High-value
RD-197203,555,5,346,1,3,1,At-risk
RD-197204,22,10,1420,4,4,2,High-value
RD-198101,45,10,2147,3,4,3,High-value
RD-198102,913,5,1286,1,3,2,At-risk
RD-198103,107,7,2519,3,4,3,High-value
RD-198104,15,8,1137,4,4,2,High-value
RD-199001,275,6,6221,1,3,4,Loyal
RD-199002,498,1,23,1,1,1,At-risk
RD-199003,33,13,4104,4,4,4,High-value
RD-199004,115,9,3134,2,4,3,Loyal
RD-199301,101,6,3945,3,3,4,High-value
RD-199302,1148,2,399,1,1,1,At-risk
RD-199303,188,10,3982,2,4,4,High-value
RD-199304,43,4,971,3,2,2,Recent
RD-94801,206,3,609,2,2,1,At-risk
RD-94802,48,1,91,3,1,1,Recent
RD-94803,828,2,363,1,1,1,At-risk
RD-95851,36,6,4464,4,3,4,High-value
RD-95852,111,1,704,2,1,1,At-risk
RD-96601,28,4,2960,4,2,3,Recent
RD-96602,1374,1,175,1,1,1,At-risk
RD-96603,375,4,258,1,2,1,At-risk
RD-97201,71,4,2698,3,2,3,Recent
RD-97202,59,4,1136,3,2,2,Recent
RD-98101,54,5,3021,3,3,3,Loyal
RD-98102,238,2,192,2,1,1,At-risk
RD-99001,152,5,280,2,3,1,At-risk
RD-99002,93,5,4558,3,3,4,High-value
RD-99301,162,6,2183,2,3,3,Loyal
RD-99302,29,5,4339,4,3,4,High-value
RE-194051,29,10,7787,4,4,4,High-value
RE-194052,129,3,1122,2,2,2,At-risk
RE-194053,36,7,3116,4,4,3,High-value
RE-194054,1099,1,48,1,1,1,At-risk
RE-194501,24,7,4319,4,4,4,High-value
RE-194502,343,4,2495,1,2,3,At-risk
RE-194503,468,2,2970,1,1,3,At-risk
RE-194504,303,5,878,1,3,2,At-risk
RE-94051,72,3,868,3,2,2,Recent
RE-94052,435,3,1098,1,2,2,At-risk
RE-94501,71,5,1411,3,3,2,Loyal
RE-94502,16,7,4267,4,4,4,High-value
RF-193451,121,8,4628,2,4,4,High-value
RF-193452,93,5,3029,3,3,3,Loyal
RF-193453,65,6,2424,3,3,3,Loyal
RF-193454,391,8,3310,1,4,3,Loyal
RF-197351,2,8,6855,4,4,4,High-value
RF-197352,182,3,1320,2,2,2,At-risk
RF-197353,23,5,1622,4,3,2,Loyal
RF-197354,90,7,2342,3,4,3,High-value
RF-198401,16,7,2803,4,4,3,High-value
RF-198402,20,7,7357,4,4,4,High-value
RF-198403,10,9,3972,4,4,4,High-value
RF-198404,7,8,947,4,4,2,High-value
RF-93451,415,2,688,1,1,1,At-risk
RF-93452,7,1,13,4,1,1,Recent
RF-93453,544,2,2506,1,1,3,At-risk
RF-97351,119,3,951,2,2,2,At-risk
RF-98401,1137,1,173,1,1,1,At-risk
RF-98402,139,5,400,2,3,1,At-risk
RH-194951,113,8,2452,2,4,3,Loyal
RH-194952,360,5,4263,1,3,4,Loyal
RH-194953,25,10,2961,4,4,3,High-value
RH-194954,33,5,3622,4,3,3,High-value
RH-195101,21,7,1448,4,4,2,High-value
RH-195102,161,5,1519,2,3,2,Loyal
RH-195103,108,7,1654,3,4,2,Loyal
RH-195104,468,6,6980,1,3,4,Loyal
RH-195551,73,5,3631,3,3,3,Loyal
RH-195552,8,9,2999,4,4,3,High-value
RH-195553,121,5,1573,2,3,2,Loyal
RH-195554,520,2,740,1,1,2,At-risk
RH-196001,185,3,572,2,2,1,At-risk
RH-196002,49,8,954,3,4,2,Loyal
RH-196003,7,7,1019,4,4,2,High-value
RH-196004,535,3,2086,1,2,3,At-risk
RH-94951,422,1,2833,1,1,3,At-risk
RH-94952,97,2,225,3,1,1,Recent
RH-95101,701,4,585,1,2,1,At-risk
RH-95102,967,3,1252,1,2,2,At-risk
RH-95551,27,5,4477,4,3,4,High-value
RH-95552,30,3,4275,4,2,4,High-value
RH-96001,517,4,1421,1,2,2,At-risk
RH-96002,908,1,1826,1,1,2,At-risk
RH-96003,174,3,92,2,2,1,At-risk
RK-193001,128,5,3288,2,3,3,Loyal
RK-193002,309,5,1048,1,3,2,At-risk
RK-193003,86,13,7683,3,4,4,High-value
RK-193004,120,3,1460,2,2,2,At-risk
RK-93001,65,2,383,3,1,1,Recent
RK-93002,29,2,136,4,1,1,Recent
RL-196151,463,4,4648,1,2,4,Loyal
RL-196152,121,4,682,2,2,1,At-risk
RL-196153,476,7,3303,1,4,3,Loyal
RL-196154,122,8,6236,2,4,4,High-value
RL-96151,266,3,169,2,2,1,At-risk
RL-96152,268,5,2251,2,3,3,Loyal
RM-193751,19,8,5541,4,4,4,High-value
RM-193752,118,7,5054,2,4,4,High-value
RM-193753,280,4,4028,1,2,4,Loyal
RM-193754,346,6,1453,1,3,2,At-risk
RM-196751,629,3,898,1,2,2,At-risk
RM-196752,5,8,3011,4,4,3,High-value
RM-196753,35,3,1266,4,2,2,Recent
RM-196754,7,5,5978,4,3,4,High-value
RM-197501,48,6,2453,3,3,3,Loyal
RM-197502,210,3,2363,2,2,3,Loyal
RM-197503,17,9,1560,4,4,2,High-value
RM-197504,300,1,98,1,1,1,At-risk
RM-93751,10,4,709,4,2,1,Recent
RM-93752,885,3,1532,1,2,2,At-risk
RM-96751,37,1,198,4,1,1,Recent
RM-96752,107,1,212,3,1,1,Recent
RM-96753,142,6,1305,2,3,2,Loyal
RM-97501,1191,1,53,1,1,1,At-risk
RM-97502,41,6,876,4,3,2,Loyal
RO-197801,122,10,12210,2,4,4,High-value
RO-197802,301,7,1842,1,4,2,Loyal
RO-197803,190,5,965,2,3,2,Loyal
RO-197804,36,7,3816,4,4,4,High-value
RO-97801,5,7,2597,4,4,3,High-value
RO-97802,1006,2,482,1,1,1,At-risk
RP-192701,8,11,6542,4,4,4,High-value
RP-192702,266,6,5731,2,3,4,Loyal
RP-192703,301,5,495,1,3,1,At-risk
RP-192704,497,4,955,1,2,2,At-risk
RP-193901,16,7,6918,4,4,4,High-value
RP-193902,96,6,1082,3,3,2,Loyal
RP-193903,34,9,2963,4,4,3,High-value
RP-193904,34,12,5155,4,4,4,High-value
RP-198551,22,5,3516,4,3,3,High-value
RP-198552,307,9,4063,1,4,4,Loyal
RP-198553,423,5,1294,1,3,2,At-risk
RP-198554,29,8,2169,4,4,3,High-value
RP-92701,1130,2,238,1,1,1,At-risk
RP-92702,287,4,1037,1,2,2,At-risk
RP-93901,271,5,4862,1,3,4,Loyal
RP-93902,517,2,1073,1,1,2,At-risk
RP-98551,463,2,2342,1,1,3,At-risk
RP-98552,401,4,1226,1,2,2,At-risk
RR-193151,63,10,7303,3,4,4,High-value
RR-193152,182,5,2372,2,3,3,Loyal
RR-193153,392,4,1472,1,2,2,At-risk
RR-193154,20,2,615,4,1,1,Recent
RR-195251,328,6,3504,1,3,3,Loyal
RR-195252,13,6,2907,4,3,3,High-value
RR-195253,1,9,5293,4,4,4,High-value
RR-195254,171,6,3301,2,3,3,Loyal
RR-93151,825,1,27,1,1,1,At-risk
RR-93152,233,3,1795,2,2,2,At-risk
RR-95251,570,2,675,1,1,1,At-risk
RR-95252,90,5,702,3,3,1,Loyal
RS-194201,100,7,2441,3,4,3,High-value
RS-194202,100,9,5093,3,4,4,High-value
RS-194203,484,7,3292,1,4,3,Loyal
RS-194204,77,5,3221,3,3,3,Loyal
RS-197651,168,5,3052,2,3,3,Loyal
RS-197652,44,4,3669,3,2,3,Recent
RS-197653,160,8,2702,2,4,3,Loyal
RS-197654,37,8,4160,4,4,4,High-value
RS-198701,191,4,1460,2,2,2,At-risk
RS-198702,386,7,3208,1,4,3,Loyal
RS-198703,78,7,2399,3,4,3,High-value
RS-198704,20,2,22,4,1,1,Recent
RS-94201,34,5,331,4,3,1,Loyal
RS-94202,849,1,12,1,1,1,At-risk
RS-94203,1177,1,42,1,1,1,At-risk
RS-97651,146,4,960,2,2,2,At-risk
RS-97652,124,2,565,2,1,1,At-risk
RS-98701,21,4,467,4,2,1,Recent
RS-98702,324,4,565,1,2,1,At-risk
RW-195401,43,8,6351,3,4,4,High-value
RW-195402,148,7,4541,2,4,4,High-value
RW-195403,44,3,1134,3,2,2,Recent
RW-195404,121,7,7400,2,4,4,High-value
RW-196301,322,4,3001,1,2,3,At-risk
RW-196302,252,5,1349,2,3,2,Loyal
RW-196303,78,8,1798,3,4,2,Loyal
RW-196304,90,9,3280,3,4,3,High-value
RW-196901,237,8,5650,2,4,4,High-value
RW-196902,54,6,941,3,3,2,Loyal
RW-196903,16,6,1113,4,3,2,Loyal
RW-196904,80,5,3495,3,3,3,Loyal
RW-95401,27,4,4821,4,2,4,High-value
RW-95402,1206,3,878,1,2,2,At-risk
RW-96301,1154,1,546,1,1,1,At-risk
RW-96302,400,1,14,1,1,1,At-risk
RW-96901,1205,2,294,1,1,1,At-risk
RW-96902,99,6,1103,3,3,2,Loyal
SA-108301,50,5,505,3,3,1,Loyal
SA-108302,1192,1,55,1,1,1,At-risk
SA-108303,11,4,312,4,2,1,Recent
SA-208301,216,9,2320,2,4,3,Loyal
SA-208302,169,3,4398,2,2,4,Loyal
SA-208303,169,8,4137,2,4,4,High-value
SA-208304,64,10,4767,3,4,4,High-value
SB-101701,344,2,1321,1,1,2,At-risk
SB-101702,27,3,329,4,2,1,Recent
SB-101851,79,5,935,3,3,2,Loyal
SB-101852,1100,2,332,1,1,1,At-risk
SB-102901,192,5,1976,2,3,3,Loyal
SB-201701,34,7,8934,4,4,4,High-value
SB-201702,3,3,1797,4,2,2,Recent
SB-201703,629,2,874,1,1,2,At-risk
SB-201704,202,3,1348,2,2,2,At-risk
SB-201851,75,3,1844,3,2,2,Recent
SB-201852,136,13,6429,2,4,4,High-value
SB-201853,125,9,6349,2,4,4,High-value
SB-201854,189,6,6411,2,3,4,Loyal
SB-202901,169,5,5101,2,3,4,Loyal
SB-202902,42,3,4587,3,2,4,Recent
SB-202903,97,7,793,3,4,2,Loyal
SB-202904,48,7,8057,3,4,4,High-value
SC-100201,265,1,48,2,1,1,At-risk
SC-100202,408,3,428,1,2,1,At-risk
SC-100501,346,3,1493,1,2,2,At-risk
SC-100502,43,4,819,3,2,2,Recent
SC-100951,226,4,717,2,2,1,At-risk
SC-100952,612,3,203,1,2,1,At-risk
SC-102301,195,2,174,2,1,1,At-risk
SC-102302,1400,1,1619,1,1,2,At-risk
SC-102601,146,1,633,2,1,1,At-risk
SC-102602,142,6,2533,2,3,3,Loyal
SC-103051,428,5,2350,1,3,3,Loyal
SC-103052,17,2,857,4,1,2,Recent
SC-103801,276,2,1446,1,1,2,At-risk
SC-103802,605,2,110,1,1,1,At-risk
SC-104401,414,3,1648,1,2,2,At-risk
SC-104402,93,1,282,3,1,1,Recent
SC-105751,374,2,328,1,1,1,At-risk
SC-106801,506,2,2511,1,1,3,At-risk
SC-106802,190,2,3835,2,1,4,Loyal
SC-106951,175,3,1335,2,2,2,At-risk
SC-106952,427,1,133,1,1,1,At-risk
SC-107251,322,3,2136,1,2,3,At-risk
SC-107252,92,4,807,3,2,2,Recent
SC-107701,831,1,27,1,1,1,At-risk
SC-107702,642,1,55,1,1,1,At-risk
SC-107703,185,5,1953,2,3,3,Loyal
SC-108001,360,1,62,1,1,1,At-risk
SC-108002,841,1,27,1,1,1,At-risk
SC-108451,552,1,613,1,1,1,At-risk
SC-108452,54,3,754,3,2,2,Recent
SC-200201,91,12,4109,3,4,4,High-value
SC-200202,9,7,1645,4,4,2,High-value
SC-200203,56,10,1462,3,4,2,Loyal
SC-200204,782,5,3364,1,3,3,Loyal
SC-200501,100,9,5484,3,4,4,High-value
SC-200502,112,5,1982,2,3,3,Loyal
SC-200503,509,7,4725,1,4,4,Loyal
SC-200504,41,9,4626,4,4,4,High-value
SC-200951,213,6,3523,2,3,3,Loyal
SC-200952,98,9,7301,3,4,4,High-value
SC-200953,76,4,635,3,2,1,Recent
SC-200954,350,9,14145,1,4,4,Loyal
SC-202301,30,10,8083,4,4,4,High-value
SC-202302,17,8,5550,4,4,4,High-value
SC-202303,652,3,2329,1,2,3,At-risk
SC-202304,150,4,4374,2,2,4,Loyal
SC-202601,64,9,2826,3,4,3,High-value
SC-202602,745,3,1608,1,2,2,At-risk
SC-202603,1,6,1205,4,3,2,Loyal
SC-202604,188,8,3732,2,4,3,Loyal
SC-203051,87,6,9218,3,3,4,High-value
SC-203052,64,9,3511,3,4,3,High-value
SC-203053,498,4,991,1,2,2,At-risk
SC-203054,30,7,3980,4,4,4,High-value
SC-203801,64,12,6626,3,4,4,High-value
SC-203802,87,9,1512,3,4,2,Loyal
SC-203803,210,7,1990,2,4,3,Loyal
SC-203804,31,9,5994,4,4,4,High-value
SC-204401,204,7,332,2,4,1,Loyal
SC-204402,126,3,631,2,2,1,At-risk
SC-204403,10,8,4842,4,4,4,High-value
SC-204404,37,7,1875,4,4,2,High-value
SC-205751,119,9,2009,2,4,3,Loyal
SC-205752,79,9,3210,3,4,3,High-value
SC-205753,28,10,3563,4,4,3,High-value
SC-205754,93,5,902,3,3,2,Loyal
SC-206801,80,9,8915,3,4,4,High-value
SC-206802,22,9,1673,4,4,2,High-value
SC-206803,36,7,1634,4,4,2,High-value
SC-206804,127,6,1255,2,3,2,Loyal
SC-206951,90,12,10871,3,4,4,High-value
SC-206952,503,6,3888,1,3,4,Loyal
SC-206953,10,7,4596,4,4,4,High-value
SC-206954,90,10,2578,3,4,3,High-value
SC-207251,100,2,61,3,1,1,Recent
SC-207252,13,10,5473,4,4,4,High-value
SC-207253,8,7,3215,4,4,3,High-value
SC-207254,188,11,5226,2,4,4,High-value
SC-207701,197,10,5029,2,4,4,High-value
SC-207702,104,6,1797,3,3,2,Loyal
SC-207703,41,9,3174,4,4,3,High-value
SC-207704,42,7,4494,3,4,4,High-value
SC-208001,204,6,6147,2,3,4,Loyal
SC-208002,31,10,4487,4,4,4,High-value
SC-208003,203,4,408,2,2,1,At-risk
SC-208004,31,4,278,4,2,1,Recent
SC-208451,45,5,2987,3,3,3,Loyal
SC-208452,37,5,3289,4,3,3,High-value
SC-208453,9,12,3341,4,4,3,High-value
SC-208454,132,2,281,2,1,1,At-risk
SD-104851,41,5,1115,4,3,2,Loyal
SD-104852,407,3,43,1,2,1,At-risk
SD-204851,19,9,3462,4,4,3,High-value
SD-204852,16,10,3888,4,4,4,High-value
SD-204853,128,4,3330,2,2,3,Loyal
SD-204854,201,9,6121,2,4,4,High-value
SE-101101,926,1,271,1,1,1,At-risk
SE-101102,79,2,342,3,1,1,Recent
SE-201101,344,7,2606,1,4,3,Loyal
SE-201102,35,11,9380,4,4,4,High-value
SE-201103,156,7,5335,2,4,4,High-value
SE-201104,10,11,12209,4,4,4,High-value
SF-100651,230,4,585,2,2,1,At-risk
SF-100652,406,4,3276,1,2,3,At-risk
SF-102001,142,5,1049,2,3,2,Loyal
SF-102002,659,3,1587,1,2,2,At-risk
SF-109651,579,3,868,1,2,2,At-risk
SF-109652,181,3,1608,2,2,2,At-risk
SF-200651,59,5,1574,3,3,2,Loyal
SF-200652,664,6,4024,1,3,4,Loyal
SF-200653,63,3,1036,3,2,2,Recent
SF-200654,60,7,764,3,4,2,Loyal
SF-202001,430,8,4119,1,4,4,Loyal
SF-202002,6,6,3100,4,3,3,High-value
SF-202003,115,5,2380,2,3,3,Loyal
SF-202004,60,9,3424,3,4,3,High-value
SF-209651,79,3,988,3,2,2,Recent
SF-209652,90,3,888,3,2,2,Recent
SF-209653,257,2,1567,2,1,2,At-risk
SF-209654,49,9,3338,3,4,3,High-value
SG-100801,780,2,788,1,1,2,At-risk
SG-100802,644,1,56,1,1,1,At-risk
SG-100803,370,3,235,1,2,1,At-risk
SG-104701,419,1,666,1,1,1,At-risk
SG-104702,129,2,2420,2,1,3,At-risk
SG-106051,437,3,968,1,2,2,At-risk
SG-106052,234,3,1849,2,2,2,At-risk
SG-108901,401,3,459,1,2,1,At-risk
SG-108902,666,3,965,1,2,2,At-risk
SG-200801,37,6,3290,4,3,3,High-value
SG-200802,69,3,1412,3,2,2,Recent
SG-200803,4,5,2666,4,3,3,High-value
SG-200804,9,3,3406,4,2,3,Recent
SG-204701,321,6,2933,1,3,3,Loyal
SG-204702,92,6,1665,3,3,2,Loyal
SG-204703,91,8,4249,3,4,4,High-value
SG-204704,184,8,1885,2,4,2,Loyal
SG-206051,84,10,2654,3,4,3,High-value
SG-206052,171,7,1134,2,4,2,Loyal
SG-206053,76,9,3217,3,4,3,High-value
SG-206054,109,6,3126,3,3,3,Loyal
SG-208901,153,8,4544,2,4,4,High-value
SG-208902,48,5,3806,3,3,4,High-value
SG-208903,17,6,2863,4,3,3,High-value
SG-208904,227,3,49,2,2,1,At-risk
SH-103951,64,2,52,3,1,1,Recent
SH-103952,192,1,67,2,1,1,At-risk
SH-103953,803,1,10,1,1,1,At-risk
SH-106351,159,4,658,2,2,1,At-risk
SH-199751,26,7,3622,4,4,3,High-value
SH-199752,104,4,1390,3,2,2,Recent
SH-199753,145,5,2474,2,3,3,Loyal
SH-199754,30,13,3408,4,4,3,High-value
SH-203951,136,10,4092,2,4,4,High-value
SH-203952,131,8,3278,2,4,3,Loyal
SH-203953,40,5,3300,4,3,3,High-value
SH-203954,24,10,2180,4,4,3,High-value
SH-206351,133,6,3327,2,3,3,Loyal
SH-206352,31,8,6349,4,4,4,High-value
SH-206353,33,9,1775,4,4,2,High-value
SH-206354,766,2,2096,1,1,3,At-risk
SH-99751,65,2,520,3,1,1,Recent
SH-99752,107,6,7537,3,3,4,High-value
SJ-101251,393,2,1050,1,1,2,At-risk
SJ-101252,512,1,23,1,1,1,At-risk
SJ-101253,295,6,1887,1,3,2,At-risk
SJ-102151,338,2,61,1,1,1,At-risk
SJ-102152,937,1,22,1,1,1,At-risk
SJ-102153,57,6,1276,3,3,2,Loyal
SJ-105001,275,3,454,1,2,1,At-risk
SJ-201251,140,4,425,2,2,1,At-risk
SJ-201252,33,9,3671,4,4,3,High-value
SJ-201253,210,5,2515,2,3,3,Loyal
SJ-201254,96,12,3950,3,4,4,High-value
SJ-202151,188,9,3535,2,4,3,Loyal
SJ-202152,29,8,4555,4,4,4,High-value
SJ-202153,83,9,5280,3,4,4,High-value
SJ-202154,30,6,1341,4,3,2,Loyal
SJ-205001,176,8,3292,2,4,3,Loyal
SJ-205002,579,7,5012,1,4,4,Loyal
SJ-205003,408,6,3308,1,3,3,Loyal
SJ-205004,254,5,1319,2,3,2,Loyal
SK-199901,139,4,1776,2,2,2,At-risk
SK-199902,38,4,2838,4,2,3,Recent
SK-199903,118,8,5435,2,4,4,High-value
SK-199904,9,3,884,4,2,2,Recent
SK-99901,353,3,1032,1,2,2,At-risk
SK-99902,31,4,1327,4,2,2,Recent
SL-101551,167,7,1516,2,4,2,Loyal
SL-101552,756,1,28,1,1,1,At-risk
SL-101553,167,6,906,2,3,2,Loyal
SL-201551,113,5,3808,2,3,4,Loyal
SL-201552,30,9,3701,4,4,3,High-value
SL-201553,68,11,3815,3,4,4,High-value
SL-201554,71,7,3053,3,4,3,High-value
SM-100051,105,3,4068,3,2,4,Recent
SM-100052,118,5,2194,2,3,3,Loyal
SM-103201,77,4,3993,3,2,4,Recent
SM-103202,157,3,53,2,2,1,At-risk
SM-109051,133,4,1576,2,2,2,At-risk
SM-109052,983,1,136,1,1,1,At-risk
SM-109501,126,2,114,2,1,1,At-risk
SM-109502,105,7,1223,3,4,2,Loyal
SM-200051,148,6,949,2,3,2,Loyal
SM-200052,232,7,2741,2,4,3,Loyal
SM-200053,240,5,2868,2,3,3,Loyal
SM-200054,422,4,243,1,2,1,At-risk
SM-203201,22,4,1002,4,2,2,Recent
SM-203202,55,7,3279,3,4,3,High-value
SM-203203,534,5,1801,1,3,2,At-risk
SM-203204,80,5,25042,3,3,4,High-value
SM-209051,38,7,3483,4,4,3,High-value
SM-209052,252,7,2184,2,4,3,Loyal
SM-209053,374,2,211,1,1,1,At-risk
SM-209054,607,1,1044,1,1,2,At-risk
SM-209501,34,4,1585,4,2,2,Recent
SM-209502,122,6,1437,2,3,2,Loyal
SM-209503,79,7,2966,3,4,3,High-value
SM-209504,26,12,5563,4,4,4,High-value
SN-105601,381,2,729,1,1,2,At-risk
SN-105602,1413,1,441,1,1,1,At-risk
SN-105603,14,3,312,4,2,1,Recent
SN-107101,253,2,192,2,1,1,At-risk
SN-107102,377,2,510,1,1,1,At-risk
SN-205601,84,6,6795,3,3,4,High-value
SN-205602,72,6,2103,3,3,3,Loyal
SN-205603,76,7,1984,3,4,3,High-value
SN-205604,112,6,1861,2,3,2,Loyal
SN-207101,805,4,3474,1,2,3,At-risk
SN-207102,127,6,4389,2,3,4,Loyal
SN-207103,45,7,1711,3,4,2,Loyal
SN-207104,80,7,3128,3,4,3,High-value
SO-103351,1217,1,130,1,1,1,At-risk
SO-103352,401,3,701,1,2,1,At-risk
SO-203351,191,7,6035,2,4,4,High-value
SO-203352,416,6,4031,1,3,4,Loyal
SO-203353,65,8,2866,3,4,3,High-value
SO-203354,30,6,2603,4,3,3,High-value
SP-105451,19,4,419,4,2,1,Recent
SP-106201,140,2,77,2,1,1,At-risk
SP-106202,304,3,223,1,2,1,At-risk
SP-106501,398,3,431,1,2,1,At-risk
SP-106502,170,3,342,2,2,1,At-risk
SP-108601,399,2,503,1,1,1,At-risk
SP-109201,212,2,165,2,1,1,At-risk
SP-109202,108,2,731,3,1,2,Recent
SP-205451,57,6,3130,3,3,3,Loyal
SP-205452,28,3,1034,4,2,2,Recent
SP-205453,17,5,1332,4,3,2,Loyal
SP-205454,328,6,1306,1,3,2,At-risk
SP-206201,6,8,9224,4,4,4,High-value
SP-206202,58,7,3492,3,4,3,High-value
SP-206203,42,7,959,3,4,2,Loyal
SP-206204,48,9,5443,3,4,4,High-value
SP-206501,28,6,4536,4,3,4,High-value
SP-206502,21,3,1468,4,2,2,Recent
SP-206503,57,6,2501,3,3,3,Loyal
SP-206504,387,9,1873,1,4,2,Loyal
SP-208601,55,2,246,3,1,1,Recent
SP-208602,97,6,4911,3,3,4,High-value
SP-208603,206,8,3553,2,4,3,Loyal
SP-208604,80,10,4283,3,4,4,High-value
SP-209201,393,4,5702,1,2,4,Loyal
SP-209202,307,12,16566,1,4,4,Loyal
SP-209203,7,6,1866,4,3,2,Loyal
SP-209204,71,6,3990,3,3,4,High-value
SR-104251,314,3,122,1,2,1,At-risk
SR-104252,45,1,107,3,1,1,Recent
SR-104253,48,1,52,3,1,1,Recent
SR-107401,97,2,158,3,1,1,Recent
SR-107402,22,2,1996,4,1,3,Recent
SR-204251,126,5,2027,2,3,3,Loyal
SR-204252,106,6,6126,3,3,4,High-value
SR-204253,35,3,1337,4,2,2,Recent
SR-204254,9,5,3234,4,3,3,High-value
SR-207401,94,9,4573,3,4,4,High-value
SR-207402,24,8,5929,4,4,4,High-value
SR-207403,124,8,2373,2,4,3,Loyal
SR-207404,197,8,4345,2,4,4,High-value
SS-101401,30,3,169,4,2,1,Recent
SS-101402,181,1,7,2,1,1,At-risk
SS-101403,342,3,3316,1,2,3,At-risk
SS-104101,400,2,222,1,1,1,At-risk
SS-104102,375,1,1799,1,1,2,At-risk
SS-104103,27,7,329,4,4,1,Loyal
SS-105151,778,1,373,1,1,1,At-risk
SS-105152,675,2,51,1,1,1,At-risk
SS-105901,29,2,884,4,1,2,Recent
SS-105902,1238,1,56,1,1,1,At-risk
SS-108751,251,2,489,2,1,1,At-risk
SS-108752,864,2,67,1,1,1,At-risk
SS-201401,72,11,6973,3,4,4,High-value
SS-201402,132,5,5653,2,3,4,Loyal
SS-201403,87,8,6190,3,4,4,High-value
SS-201404,16,8,1324,4,4,2,High-value
SS-204101,397,6,2462,1,3,3,Loyal
SS-204102,371,5,7809,1,3,4,Loyal
SS-204103,34,10,2430,4,4,3,High-value
SS-204104,111,6,3056,2,3,3,Loyal
SS-205151,106,5,2070,3,3,3,Loyal
SS-205152,1,6,2889,4,3,3,High-value
SS-205153,106,5,1907,3,3,3,Loyal
SS-205154,492,3,613,1,2,1,At-risk
SS-205901,6,10,4218,4,4,4,High-value
SS-205902,150,5,4726,2,3,4,Loyal
SS-205903,393,5,2816,1,3,3,Loyal
SS-205904,433,6,418,1,3,1,At-risk
SS-208751,93,6,1769,3,3,2,Loyal
SS-208752,15,5,481,4,3,1,Loyal
SS-208753,166,5,1559,2,3,2,Loyal
SS-208754,121,5,966,2,3,2,Loyal
ST-105301,96,4,777,3,2,2,Recent
ST-105302,127,2,166,2,1,1,At-risk
ST-205301,34,5,4887,4,3,4,High-value
ST-205302,7,10,1308,4,4,2,High-value
ST-205303,134,10,7436,2,4,4,High-value
ST-205304,126,7,432,2,4,1,Loyal
SU-106651,49,3,1766,3,2,2,Recent
SU-106652,174,3,1568,2,2,2,At-risk
SU-206651,5,5,2131,4,3,3,High-value
SU-206652,72,5,1111,3,3,2,Loyal
SU-206653,35,6,1607,4,3,2,Loyal
SU-206654,21,7,2596,4,4,3,High-value
SV-103651,864,1,761,1,1,2,At-risk
SV-103652,184,4,496,2,2,1,At-risk
SV-107851,22,3,2833,4,2,3,Recent
SV-107852,30,4,137,4,2,1,Recent
SV-108151,118,2,858,2,1,2,At-risk
SV-108152,9,1,4009,4,1,4,Recent
SV-108153,253,6,2863,2,3,3,Loyal
SV-109351,828,2,172,1,1,1,At-risk
SV-109352,12,1,315,4,1,1,Recent
SV-203651,88,11,6624,3,4,4,High-value
SV-203652,182,3,2750,2,2,3,Loyal
SV-203653,191,7,1537,2,4,2,Loyal
SV-203654,102,10,11472,3,4,4,High-value
SV-207851,92,7,4873,3,4,4,High-value
SV-207852,86,6,3875,3,3,4,High-value
SV-207853,23,5,1408,4,3,2,Loyal
SV-207854,321,9,4106,1,4,4,Loyal
SV-208151,69,7,8359,3,4,4,High-value
SV-208152,42,4,2319,3,2,3,Recent
SV-208153,35,9,2629,4,4,3,High-value
SV-208154,77,4,1271,3,2,2,Recent
SV-209351,17,10,8174,4,4,4,High-value
SV-209352,1,5,2719,4,3,3,High-value
SV-209353,227,5,2406,2,3,3,Loyal
SV-209354,3,8,1903,4,4,3,High-value
SW-102451,23,2,1420,4,1,2,Recent
SW-102452,239,2,482,2,1,1,At-risk
SW-102751,50,1,165,3,1,1,Recent
SW-102752,85,1,1025,3,1,2,Recent
SW-102753,59,3,290,3,2,1,Recent
SW-103501,101,4,743,3,2,2,Recent
SW-103502,107,5,501,3,3,1,Loyal
SW-104551,517,5,1379,1,3,2,At-risk
SW-104552,8,4,827,4,2,2,Recent
SW-107551,44,3,610,3,2,1,Recent
SW-107552,71,1,779,3,1,2,Recent
SW-107553,55,3,958,3,2,2,Recent
SW-202451,119,6,6028,2,3,4,Loyal
SW-202452,13,7,5017,4,4,4,High-value
SW-202453,34,6,1447,4,3,2,Loyal
SW-202454,82,7,1085,3,4,2,Loyal
SW-202751,154,11,5470,2,4,4,High-value
SW-202752,93,5,3081,3,3,3,Loyal
SW-202753,22,11,5047,4,4,4,High-value
SW-202754,31,6,1966,4,3,3,High-value
SW-203501,69,6,3791,3,3,4,High-value
SW-203502,13,8,1472,4,4,2,High-value
SW-203503,240,4,642,2,2,1,At-risk
SW-203504,163,3,1019,2,2,2,At-risk
SW-204551,66,5,1665,3,3,2,Loyal
SW-204552,8,8,1259,4,4,2,High-value
SW-204553,185,2,195,2,1,1,At-risk
SW-204554,163,7,2922,2,4,3,Loyal
SW-207551,75,8,10187,3,4,4,High-value
SW-207552,16,9,5693,4,4,4,High-value
SW-207553,146,12,6683,2,4,4,High-value
SW-207554,535,2,759,1,1,2,At-risk
SZ-100351,957,1,409,1,1,1,At-risk
SZ-100352,1191,3,756,1,2,2,At-risk
SZ-200351,14,11,7512,4,4,4,High-value
SZ-200352,126,1,57,2,1,1,At-risk
SZ-200353,101,14,3999,3,4,4,High-value
SZ-200354,36,11,3628,4,4,3,High-value
TA-113851,9,3,2226,4,2,3,Recent
TA-113852,853,2,2594,1,1,3,At-risk
TA-213851,19,6,9717,4,3,4,High-value
TA-213852,27,9,6160,4,4,4,High-value
TA-213853,98,6,5196,3,3,4,High-value
TA-213854,70,4,14596,3,2,4,Recent
TB-110551,857,1,193,1,1,1,At-risk
TB-110552,325,2,2163,1,1,3,At-risk
TB-111751,217,1,528,2,1,1,At-risk
TB-111752,377,3,323,1,2,1,At-risk
TB-111901,392,2,424,1,1,1,At-risk
TB-111902,115,2,691,2,1,1,At-risk
TB-112501,2,5,1957,4,3,3,High-value
TB-112502,9,10,5314,4,4,4,High-value
TB-112801,870,2,710,1,1,1,At-risk
TB-112802,289,2,448,1,1,1,At-risk
TB-112803,157,5,415,2,3,1,At-risk
TB-113551,15,5,311,4,3,1,Loyal
TB-113552,453,3,128,1,2,1,At-risk
TB-114001,912,2,1761,1,1,2,At-risk
TB-114002,112,7,1343,2,4,2,Loyal
TB-115201,81,4,2540,3,2,3,Recent
TB-115202,19,7,1451,4,4,2,High-value
TB-115951,297,1,38,1,1,1,At-risk
TB-115952,163,3,712,2,2,1,At-risk
TB-116251,954,2,956,1,1,2,At-risk
TB-116252,399,3,854,1,2,2,At-risk
TB-210551,78,8,5246,3,4,4,High-value
TB-210552,36,6,5061,4,3,4,High-value
TB-210553,320,10,1897,1,4,3,Loyal
TB-210554,120,5,1470,2,3,2,Loyal
TB-211751,46,7,2603,3,4,3,High-value
TB-211752,86,6,4662,3,3,4,High-value
TB-211753,40,10,5722,4,4,4,High-value
TB-211754,59,4,3589,3,2,3,Recent
TB-211901,143,5,8577,2,3,4,Loyal
TB-211902,542,4,591,1,2,1,At-risk
TB-211903,99,4,706,3,2,1,Recent
TB-211904,50,4,816,3,2,2,Recent
TB-212501,3,4,730,4,2,2,Recent
TB-212502,8,9,4188,4,4,4,High-value
TB-212503,81,8,5311,3,4,4,High-value
TB-212504,350,7,1603,1,4,2,Loyal
TB-212801,218,4,795,2,2,2,At-risk
TB-212802,356,4,1166,1,2,2,At-risk
TB-212803,58,12,5967,3,4,4,High-value
TB-212804,584,6,2198,1,3,3,Loyal
TB-213551,241,3,2568,2,2,3,Loyal
TB-213552,215,2,792,2,1,2,At-risk
TB-213553,55,10,5014,3,4,4,High-value
TB-213554,147,5,834,2,3,2,Loyal
TB-214001,26,7,9033,4,4,4,High-value
TB-214002,582,3,1587,1,2,2,At-risk
TB-214003,210,9,1622,2,4,2,Loyal
TB-214004,203,7,9134,2,4,4,High-value
TB-215201,84,12,6371,3,4,4,High-value
TB-215202,113,8,2119,2,4,3,Loyal
TB-215203,31,5,3486,4,3,3,High-value
TB-215204,108,9,4737,3,4,4,High-value
TB-215951,50,9,2963,3,4,3,High-value
TB-215952,433,5,1526,1,3,2,At-risk
TB-215953,29,7,2561,4,4,3,High-value
TB-215954,286,5,1387,1,3,2,At-risk
TB-216251,42,10,4197,3,4,4,High-value
TB-216252,243,6,3478,2,3,3,Loyal
TB-216253,73,6,2795,3,3,3,Loyal
TB-216254,31,9,2798,4,4,3,High-value
TC-109801,337,2,587,1,1,1,At-risk
TC-109802,48,6,2650,3,3,3,Loyal
TC-111451,149,3,417,2,2,1,At-risk
TC-111452,13,7,3384,4,4,3,High-value
TC-112951,13,3,156,4,2,1,Recent
TC-112952,499,1,569,1,1,1,At-risk
TC-112953,367,1,6,1,1,1,At-risk
TC-114751,205,2,448,2,1,1,At-risk
TC-114752,728,1,822,1,1,2,At-risk
TC-114753,409,6,639,1,3,1,At-risk
TC-115351,491,3,1810,1,2,2,At-risk
TC-115352,371,1,405,1,1,1,At-risk
TC-209801,28,7,3839,4,4,4,High-value
TC-209802,128,7,5835,2,4,4,High-value
TC-209803,143,9,5492,2,4,4,High-value
TC-209804,400,5,19050,1,3,4,Loyal
TC-211451,12,11,8279,4,4,4,High-value
TC-211452,51,4,907,3,2,2,Recent
TC-211453,57,9,8194,3,4,4,High-value
TC-211454,107,1,1038,3,1,2,Recent
TC-212951,147,6,4451,2,3,4,Loyal
TC-212952,63,10,8818,3,4,4,High-value
TC-212953,30,5,1860,4,3,2,Loyal
TC-212954,28,8,4266,4,4,4,High-value
TC-214751,64,9,4533,3,4,4,High-value
TC-214752,2,4,3170,4,2,3,Recent
TC-214753,10,7,1776,4,4,2,High-value
TC-214754,154,9,1245,2,4,2,Loyal
TC-215351,49,7,3241,3,4,3,High-value
TC-215352,206,5,1763,2,3,2,Loyal
TC-215353,1,11,3138,4,4,3,High-value
TC-215354,5,7,742,4,4,2,High-value
TD-109951,461,1,150,1,1,1,At-risk
TD-109952,181,1,41,2,1,1,At-risk
TD-109953,302,1,589,1,1,1,At-risk
TD-209951,21,6,1774,4,3,2,Loyal
TD-209952,281,6,2730,1,3,3,Loyal
TD-209953,1,4,985,4,2,2,Recent
TD-209954,38,9,1435,4,4,2,High-value
TG-113101,161,1,16,2,1,1,At-risk
TG-113102,1272,1,128,1,1,1,At-risk
TG-113103,268,1,571,2,1,1,At-risk
TG-116401,224,3,469,2,2,1,At-risk
TG-116402,31,1,1561,4,1,2,Recent
TG-116403,41,5,2876,4,3,3,High-value
TG-213101,15,9,2762,4,4,3,High-value
TG-213102,212,11,4548,2,4,4,High-value
TG-213103,42,7,1937,3,4,3,High-value
TG-213104,338,5,3059,1,3,3,Loyal
TG-216401,43,9,2980,3,4,3,High-value
TG-216402,6,10,5101,4,4,4,High-value
TG-216403,27,10,3822,4,4,4,High-value
TG-216404,115,4,2074,2,2,3,Loyal
TH-111001,254,1,25,2,1,1,At-risk
TH-111002,416,3,1832,1,2,2,At-risk
TH-111151,120,4,1761,2,2,2,At-risk
TH-111152,197,1,44,2,1,1,At-risk
TH-111153,254,1,65,2,1,1,At-risk
TH-112351,231,4,1456,2,2,2,At-risk
TH-112352,380,6,2447,1,3,3,Loyal
TH-115501,390,3,181,1,2,1,At-risk
TH-115502,463,1,93,1,1,1,At-risk
TH-115503,1269,1,11,1,1,1,At-risk
TH-211001,7,9,3938,4,4,4,High-value
TH-211002,55,8,6368,3,4,4,High-value
TH-211003,90,5,955,3,3,2,Loyal
TH-211004,345,5,2423,1,3,3,Loyal
TH-211151,224,8,6369,2,4,4,High-value
TH-211152,108,2,903,3,1,2,Recent
TH-211153,44,11,3269,3,4,3,High-value
TH-211154,59,4,2942,3,2,3,Recent
TH-212351,195,5,2484,2,3,3,Loyal
TH-212352,9,8,6523,4,4,4,High-value
TH-212353,471,5,2870,1,3,3,Loyal
TH-212354,118,8,1024,2,4,2,Loyal
TH-215501,455,5,3994,1,3,4,Loyal
TH-215502,76,4,1610,3,2,2,Recent
TH-215503,6,10,2972,4,4,3,High-value
TH-215504,73,7,4234,3,4,4,High-value
TM-110101,591,2,61,1,1,1,At-risk
TM-110102,243,1,239,2,1,1,At-risk
TM-114901,171,2,283,2,1,1,At-risk
TM-114902,56,6,1779,3,3,2,Loyal
TM-210101,140,6,2152,2,3,3,Loyal
TM-210102,65,10,6443,3,4,4,High-value
TM-210103,96,3,2611,3,2,3,Recent
TM-210104,104,8,2955,3,4,3,High-value
TM-214901,98,10,4799,3,4,4,High-value
TM-214902,59,9,5474,3,4,4,High-value
TM-214903,41,5,2543,4,3,3,High-value
TM-214904,131,3,1095,2,2,2,At-risk
TN-110401,55,2,188,3,1,1,Recent
TN-210401,23,7,2186,4,4,3,High-value
TN-210402,128,7,1313,2,4,2,Loyal
TN-210403,188,8,2779,2,4,3,Loyal
TN-210404,91,7,3129,3,4,3,High-value
TP-111301,202,3,748,2,2,2,At-risk
TP-111302,140,3,513,2,2,1,At-risk
TP-114151,642,3,605,1,2,1,At-risk
TP-114152,1402,1,1344,1,1,2,At-risk
TP-115651,104,2,285,3,1,1,Recent
TP-115652,687,3,573,1,2,1,At-risk
TP-211301,3,10,7533,4,4,4,High-value
TP-211302,57,7,4687,3,4,4,High-value
TP-211303,22,11,6028,4,4,4,High-value
TP-211304,9,9,4456,4,4,4,High-value
TP-214151,101,8,2683,3,4,3,High-value
TP-214152,119,3,504,2,2,1,At-risk
TP-214153,49,6,2409,3,3,3,Loyal
TP-214154,105,5,5329,3,3,4,High-value
TP-215651,15,8,2570,4,4,3,High-value
TP-215652,139,10,5103,2,4,4,High-value
TP-215653,134,8,2821,2,4,3,Loyal
TP-215654,351,4,1937,1,2,3,At-risk
TR-113251,398,2,2272,1,1,3,At-risk
TR-113252,169,2,123,2,1,1,At-risk
TR-213251,2,7,5454,4,4,4,High-value
TR-213252,171,6,1812,2,3,2,Loyal
TR-213253,253,4,2090,2,2,3,Loyal
TR-213254,194,5,676,2,3,1,At-risk
TS-110851,220,3,677,2,2,1,At-risk
TS-110852,419,1,46,1,1,1,At-risk
TS-110853,236,4,669,2,2,1,At-risk
TS-111601,868,1,646,1,1,1,At-risk
TS-111602,106,4,484,3,2,1,Recent
TS-112051,308,1,584,1,1,1,At-risk
TS-112052,918,2,58,1,1,1,At-risk
TS-113401,41,1,1173,4,1,2,Recent
TS-113402,406,1,163,1,1,1,At-risk
TS-113403,330,3,296,1,2,1,At-risk
TS-113701,727,4,329,1,2,1,At-risk
TS-113702,19,6,4243,4,3,4,High-value
TS-114301,119,4,523,2,2,1,At-risk
TS-114302,150,3,5288,2,2,4,Loyal
TS-115051,288,3,2116,1,2,3,At-risk
TS-115052,377,1,8,1,1,1,At-risk
TS-116101,1324,1,397,1,1,1,At-risk
TS-116102,176,4,1614,2,2,2,At-risk
TS-116551,203,1,176,2,1,1,At-risk
TS-116552,205,5,278,2,3,1,At-risk
TS-210851,50,3,632,3,2,1,Recent
TS-210852,42,5,2743,4,3,3,High-value
TS-210853,269,9,2015,2,4,3,Loyal
TS-210854,358,2,5,1,1,1,At-risk
TS-211601,495,5,2521,1,3,3,Loyal
TS-211602,106,6,1037,3,3,2,Loyal
TS-211603,9,5,1086,4,3,2,Loyal
TS-211604,505,6,2162,1,3,3,Loyal
TS-212051,64,11,4519,3,4,4,High-value
TS-212052,27,9,1262,4,4,2,High-value
TS-212053,120,5,2737,2,3,3,Loyal
TS-212054,199,7,5370,2,4,4,High-value
TS-213401,9,9,5635,4,4,4,High-value
TS-213402,71,7,3196,3,4,3,High-value
TS-213403,43,10,7195,3,4,4,High-value
TS-213404,227,5,974,2,3,2,Loyal
TS-213701,70,6,3242,3,3,3,Loyal
TS-213702,267,9,5879,2,4,4,High-value
TS-213703,49,6,2191,3,3,3,Loyal
TS-213704,37,6,11891,4,3,4,High-value
TS-214301,49,9,2649,3,4,3,High-value
TS-214302,20,5,3018,4,3,3,High-value
TS-214303,48,3,1813,3,2,2,Recent
TS-214304,173,5,2054,2,3,3,Loyal
TS-215051,84,10,10964,3,4,4,High-value
TS-215052,80,4,3294,3,2,3,Recent
TS-215053,100,7,1109,3,4,2,Loyal
TS-215054,12,6,2243,4,3,3,High-value
TS-216101,209,6,8829,2,3,4,Loyal
TS-216102,21,8,5779,4,4,4,High-value
TS-216103,373,9,3140,1,4,3,Loyal
TS-216104,56,7,2820,3,4,3,High-value
TS-216551,356,6,1940,1,3,3,Loyal
TS-216552,282,8,2910,1,4,3,Loyal
TS-216553,85,5,1308,3,3,2,Loyal
TS-216554,239,5,3368,2,3,3,Loyal
TT-110701,38,2,1572,4,1,2,Recent
TT-112201,6,4,1146,4,2,2,Recent
TT-112202,292,5,681,1,3,1,At-risk
TT-112651,95,6,2618,3,3,3,Loyal
TT-112652,156,3,2433,2,2,3,Loyal
TT-114601,362,4,189,1,2,1,At-risk
TT-114602,43,4,1462,3,2,2,Recent
TT-210701,15,9,6180,4,4,4,High-value
TT-210702,358,9,3223,1,4,3,Loyal
TT-210703,66,6,1354,3,3,2,Loyal
TT-210704,32,7,4916,4,4,4,High-value
TT-212201,104,5,4625,3,3,4,High-value
TT-212202,38,5,4671,4,3,4,High-value
TT-212203,232,4,2503,2,2,3,Loyal
TT-212204,184,8,1429,2,4,2,Loyal
TT-212651,3,6,1706,4,3,2,Loyal
TT-212652,477,1,251,1,1,1,At-risk
TT-212653,2,10,2333,4,4,3,High-value
TT-212654,407,3,439,1,2,1,At-risk
TT-214601,148,6,4064,2,3,4,Loyal
TT-214602,129,9,6816,2,4,4,High-value
TT-214603,62,10,2189,3,4,3,High-value
TT-214604,13,7,5365,4,4,4,High-value
TW-110251,777,2,125,1,1,1,At-risk
TW-110252,20,6,198,4,3,1,Loyal
TW-210251,42,7,3359,4,4,3,High-value
TW-210252,187,8,4511,2,4,4,High-value
TW-210253,687,5,785,1,3,2,At-risk
TW-210254,65,7,5278,3,4,4,High-value
TZ-114451,660,2,158,1,1,1,At-risk
TZ-114452,385,2,154,1,1,1,At-risk
TZ-114453,369,3,434,1,2,1,At-risk
TZ-115801,49,3,132,3,2,1,Recent
TZ-115802,843,2,271,1,1,1,At-risk
TZ-214451,70,9,4184,3,4,4,High-value
TZ-214452,222,4,2565,2,2,3,Loyal
TZ-214453,9,15,7853,4,4,4,High-value
TZ-215801,246,3,545,2,2,1,At-risk
TZ-215802,288,5,5783,1,3,4,Loyal
TZ-215803,52,7,2422,3,4,3,High-value
TZ-215804,36,4,1707,4,2,2,Recent
VB-117451,5,2,386,4,1,1,Recent
VB-117452,275,2,397,1,1,1,At-risk
VB-217451,13,7,4206,4,4,4,High-value
VB-217452,387,5,2653,1,3,3,Loyal
VB-217453,52,3,1097,3,2,2,Recent
VB-217454,55,6,2006,3,3,3,Loyal
VD-116701,36,2,123,4,1,1,Recent
VD-116702,1,7,1107,4,4,2,High-value
VD-216701,132,6,2844,2,3,3,Loyal
VD-216702,37,4,2441,4,2,3,Recent
VD-216703,58,5,3028,3,3,3,Loyal
VD-216704,582,6,6444,1,3,4,Loyal
VF-117151,95,2,543,3,1,1,Recent
VF-117152,997,2,59,1,1,1,At-risk
VF-217151,49,8,3686,3,4,3,High-value
VF-217152,107,4,2663,3,2,3,Recent
VF-217153,218,7,4802,2,4,4,High-value
VF-217154,14,5,847,4,3,2,Loyal
VG-117901,161,2,266,2,1,1,At-risk
VG-117902,148,2,120,2,1,1,At-risk
VG-118051,136,2,85,2,1,1,At-risk
VG-118052,624,2,1107,1,1,2,At-risk
VG-217901,151,8,1172,2,4,2,Loyal
VG-217902,111,5,3430,2,3,3,Loyal
VG-217903,185,8,4462,2,4,4,High-value
VG-217904,155,6,846,2,3,2,Loyal
VG-218051,97,7,15654,3,4,4,High-value
VG-218052,5,5,2410,4,3,3,High-value
VG-218053,3,6,4084,4,3,4,High-value
VG-218054,287,5,427,1,3,1,At-risk
VM-116851,14,2,58,4,1,1,Recent
VM-116852,464,4,801,1,2,2,At-risk
VM-118351,813,2,1209,1,1,2,At-risk
VM-118352,9,1,61,4,1,1,Recent
VM-216851,64,11,3213,3,4,3,High-value
VM-216852,230,4,4589,2,2,4,Loyal
VM-216853,33,10,3452,4,4,3,High-value
VM-216854,55,7,2454,3,4,3,High-value
VM-218351,204,7,851,2,4,2,Loyal
VM-218352,112,7,1081,2,4,2,Loyal
VM-218353,1185,1,308,1,1,1,At-risk
VM-218354,118,5,381,2,3,1,At-risk
VP-117301,1009,1,129,1,1,1,At-risk
VP-117302,29,3,304,4,2,1,Recent
VP-117601,237,2,152,2,1,1,At-risk
VP-117602,418,1,1463,1,1,2,At-risk
VP-217301,41,11,5354,4,4,4,High-value
VP-217302,155,7,2182,2,4,3,Loyal
VP-217303,69,8,3100,3,4,3,High-value
VP-217304,31,3,994,4,2,2,Recent
VP-217601,77,7,5503,3,4,4,High-value
VP-217602,90,7,6643,3,4,4,High-value
VP-217603,98,7,1432,3,4,2,Loyal
VP-217604,76,7,3361,3,4,3,High-value
VS-118201,23,3,71,4,2,1,Recent
VS-118202,192,4,1066,2,2,2,At-risk
VS-218201,161,4,6801,2,2,4,Loyal
VS-218202,236,5,1462,2,3,2,Loyal
VS-218203,139,2,956,2,1,2,At-risk
VS-218204,222,4,1057,2,2,2,At-risk
VT-117001,31,4,241,4,2,1,Recent
VT-117002,202,3,1030,2,2,2,At-risk
VT-217001,89,13,10839,3,4,4,High-value
VT-217002,8,8,1496,4,4,2,High-value
VT-217003,358,2,4026,1,1,4,At-risk
VT-217004,1001,2,1736,1,1,2,At-risk
VW-117751,408,1,925,1,1,2,At-risk
VW-117752,8,4,328,4,2,1,Recent
VW-217751,35,11,6792,4,4,4,High-value
VW-217752,7,4,1884,4,2,2,Recent
VW-217753,75,5,975,3,3,2,Loyal
VW-217754,29,10,6135,4,4,4,High-value
WB-118501,115,1,30,2,1,1,At-risk
WB-118502,1310,1,153,1,1,1,At-risk
WB-218501,24,10,5795,4,4,4,High-value
WB-218502,22,8,969,4,4,2,High-value
WB-218503,105,9,3780,3,4,4,High-value
WB-218504,21,11,6159,4,4,4,High-value
XP-118651,667,2,304,1,1,1,At-risk
XP-118652,161,1,708,2,1,1,At-risk
XP-218651,131,7,3705,2,4,3,Loyal
XP-218652,245,4,2114,2,2,3,Loyal
XP-218653,240,5,2996,2,3,3,Loyal
XP-218654,44,11,2375,3,4,3,High-value
YC-118951,187,3,97,2,2,1,At-risk
YC-118952,100,1,70,3,1,1,Recent
YC-218951,474,4,5606,1,2,4,Loyal
YC-218952,44,14,8531,3,4,4,High-value
YC-218953,876,4,406,1,2,1,At-risk
YC-218954,5,5,5455,4,3,4,High-value
YS-118801,5,2,190,4,1,1,Recent
YS-118802,765,4,1138,1,2,2,At-risk
YS-218801,234,4,3547,2,2,3,Loyal
YS-218802,198,6,3864,2,3,4,Loyal
YS-218803,126,8,4573,2,4,4,High-value
YS-218804,10,8,6722,4,4,4,High-value
ZC-119101,201,1,7,2,1,1,At-risk
ZC-219101,37,7,7448,4,4,4,High-value
ZC-219102,4,11,11854,4,4,4,High-value
ZC-219103,55,6,1148,3,3,2,Loyal
ZC-219104,55,13,8028,3,4,4,High-value
ZD-119251,4,3,1016,4,2,2,Recent
ZD-119252,398,6,1937,1,3,3,Loyal
ZD-219251,19,5,1889,4,3,2,Loyal
ZD-219252,2,7,4548,4,4,4,High-value
ZD-219253,197,3,1550,2,2,2,At-risk
ZD-219254,203,5,1494,2,3,2,Loyal
